,PDB,model,Fragment,Confidence,RMSD
2,7n9c_D,YS,CDR1,84.18454545454546,2.2
3,7n9c_D,ESM,CDR1,83.45454545454545,1.9
4,7n9c_D,IF,CDR1,0.7118181818181818,2.0
5,7n9c_D,AF2,CDR1,86.62636363636364,1.7
6,7n9c_D,OF,CDR1,82.57818181818182,1.9
7,7n9c_D,OFr4,CDR1,82.57818181818182,1.9
10,7d8b_B,YS,CDR1,82.10636363636364,0.9
11,7d8b_B,ESM,CDR1,88.72727272727273,0.9
12,7d8b_B,IF,CDR1,0.469090909090909,1.1
13,7d8b_B,AF2,CDR1,92.69181818181818,0.9
14,7d8b_B,OF,CDR1,91.71363636363637,1.0
15,7d8b_B,OFr4,CDR1,89.07727272727271,0.8
19,7l6v_D,YS,CDR1,85.98454545454545,2.1
20,7l6v_D,ESM,CDR1,80.18181818181819,1.4
21,7l6v_D,IF,CDR1,0.7627272727272728,1.7
22,7l6v_D,AF2,CDR1,85.83181818181818,0.8
23,7l6v_D,OF,CDR1,78.05090909090909,0.9
24,7l6v_D,OFr4,CDR1,79.54272727272728,0.9
28,7p5v_G,YS,CDR1,77.9709090909091,1.2
29,7p5v_G,ESM,CDR1,93.18181818181819,0.8
30,7p5v_G,IF,CDR1,0.42181818181818187,0.8
31,7p5v_G,AF2,CDR1,95.88181818181819,0.7
32,7p5v_G,OF,CDR1,96.9009090909091,1.0
33,7p5v_G,OFr4,CDR1,96.18818181818182,0.9
36,6zwk_A,YS,CDR1,79.19272727272727,1.9
37,6zwk_A,ESM,CDR1,91.45454545454545,0.4
38,6zwk_A,IF,CDR1,0.3536363636363637,0.6
39,6zwk_A,AF2,CDR1,96.32272727272726,0.4
40,6zwk_A,OF,CDR1,95.29,0.4
41,6zwk_A,OFr4,CDR1,95.29,0.4
44,7ocy_C,YS,CDR1,80.4625,2.1
45,7ocy_C,ESM,CDR1,92.25,2.1
46,7ocy_C,IF,CDR1,0.50125,2.6
47,7ocy_C,AF2,CDR1,95.68874999999998,2.1
48,7ocy_C,OF,CDR1,95.17375,2.1
49,7ocy_C,OFr4,CDR1,94.89375,2.1
53,7cz0_E,YS,CDR1,86.94090909090909,1.1
54,7cz0_E,ESM,CDR1,94.0909090909091,0.5
55,7cz0_E,IF,CDR1,0.4581818181818182,0.7
56,7cz0_E,AF2,CDR1,96.43,0.3
57,7cz0_E,OF,CDR1,96.82727272727271,1.1
58,7cz0_E,OFr4,CDR1,96.39545454545454,0.8
61,7oan_F,YS,CDR1,86.46272727272726,0.8
62,7oan_F,ESM,CDR1,90.9090909090909,0.8
63,7oan_F,IF,CDR1,0.739090909090909,2.9
64,7oan_F,AF2,CDR1,93.30363636363636,0.8
65,7oan_F,OF,CDR1,89.34727272727274,0.7
66,7oan_F,OFr4,CDR1,89.34727272727274,0.7
69,7m1h_F,YS,CDR1,75.16909090909091,3.5
70,7m1h_F,ESM,CDR1,78.36363636363636,3.6
71,7m1h_F,IF,CDR1,1.1963636363636363,4.1
72,7m1h_F,AF2,CDR1,79.91727272727272,2.0
73,7m1h_F,OF,CDR1,81.22272727272728,3.6
74,7m1h_F,OFr4,CDR1,81.22272727272728,3.6
78,7kd0_C,YS,CDR1,69.94727272727273,2.1
79,7kd0_C,ESM,CDR1,90.36363636363636,0.8
80,7kd0_C,IF,CDR1,0.4290909090909091,1.0
81,7kd0_C,AF2,CDR1,95.05909090909091,0.8
82,7kd0_C,OF,CDR1,94.44818181818181,0.7
83,7kd0_C,OFr4,CDR1,94.32181818181817,0.8
86,7tpr_D,YS,CDR1,81.52,0.8
87,7tpr_D,ESM,CDR1,77.45454545454545,1.3
88,7tpr_D,IF,CDR1,1.4172727272727272,2.4
89,7tpr_D,AF2,CDR1,84.79181818181817,2.9
90,7tpr_D,OF,CDR1,88.25454545454546,1.3
91,7tpr_D,OFr4,CDR1,88.25454545454546,1.3
94,7z1b_E,YS,CDR1,84.53727272727272,2.8
95,7z1b_E,ESM,CDR1,77.54545454545455,1.4
96,7z1b_E,IF,CDR1,0.8345454545454545,3.3
97,7z1b_E,AF2,CDR1,87.39636363636363,2.5
98,7z1b_E,OF,CDR1,78.25454545454546,3.2
99,7z1b_E,OFr4,CDR1,78.44999999999999,3.6
103,7nft_C,YS,CDR1,83.0190909090909,1.6
104,7nft_C,ESM,CDR1,81.9090909090909,1.8
105,7nft_C,IF,CDR1,0.6545454545454545,0.8
106,7nft_C,AF2,CDR1,89.29090909090908,1.1
107,7nft_C,OF,CDR1,85.27272727272727,1.0
108,7nft_C,OFr4,CDR1,83.77454545454545,1.0
112,7rby_B,YS,CDR1,81.51545454545455,3.9
113,7rby_B,ESM,CDR1,89.36363636363636,3.4
114,7rby_B,IF,CDR1,0.7572727272727273,3.2
115,7rby_B,AF2,CDR1,93.40818181818182,3.4
116,7rby_B,OF,CDR1,85.91090909090909,3.3
117,7rby_B,OFr4,CDR1,85.35272727272726,3.3
121,7d4b_B,YS,CDR1,78.14454545454545,3.7
122,7d4b_B,ESM,CDR1,71.18181818181819,1.9
123,7d4b_B,IF,CDR1,1.5672727272727274,2.5
124,7d4b_B,AF2,CDR1,88.07272727272726,0.7
125,7d4b_B,OF,CDR1,76.35454545454544,1.6
126,7d4b_B,OFr4,CDR1,76.20181818181818,1.5
130,7e6u_B,YS,CDR1,84.09727272727274,2.3
131,7e6u_B,ESM,CDR1,91.36363636363636,1.8
132,7e6u_B,IF,CDR1,0.36818181818181817,1.5
133,7e6u_B,AF2,CDR1,94.94545454545455,1.6
134,7e6u_B,OF,CDR1,93.28727272727271,1.6
135,7e6u_B,OFr4,CDR1,92.02545454545454,1.7
138,7p5w_G,YS,CDR1,86.15272727272728,1.5
139,7p5w_G,ESM,CDR1,88.0,1.1
140,7p5w_G,IF,CDR1,0.5463636363636364,1.6
141,7p5w_G,AF2,CDR1,92.46545454545453,1.2
142,7p5w_G,OF,CDR1,93.50181818181818,1.8
143,7p5w_G,OFr4,CDR1,90.69727272727272,1.6
146,7vfa_D,YS,CDR1,86.2,1.2
147,7vfa_D,ESM,CDR1,92.81818181818181,0.5
148,7vfa_D,IF,CDR1,0.6927272727272729,1.4
149,7vfa_D,AF2,CDR1,96.00545454545454,0.5
150,7vfa_D,OF,CDR1,94.00636363636363,0.5
151,7vfa_D,OFr4,CDR1,93.82727272727271,0.5
155,7s7r_B,YS,CDR1,84.47636363636364,3.4
156,7s7r_B,ESM,CDR1,78.54545454545455,2.1
157,7s7r_B,IF,CDR1,0.729090909090909,2.6
158,7s7r_B,AF2,CDR1,81.1990909090909,2.1
159,7s7r_B,OF,CDR1,82.25999999999999,2.7
160,7s7r_B,OFr4,CDR1,82.25999999999999,2.7
163,7fau_B,YS,CDR1,85.49090909090908,1.4
164,7fau_B,ESM,CDR1,90.9090909090909,0.5
165,7fau_B,IF,CDR1,0.701818181818182,1.2
166,7fau_B,AF2,CDR1,88.94727272727272,0.6
167,7fau_B,OF,CDR1,89.60818181818182,0.5
168,7fau_B,OFr4,CDR1,85.5381818181818,0.8
172,7nfr_B,YS,CDR1,82.0781818181818,1.6
173,7nfr_B,ESM,CDR1,90.63636363636364,0.3
174,7nfr_B,IF,CDR1,0.2727272727272727,0.4
175,7nfr_B,AF2,CDR1,96.25636363636363,0.3
176,7nfr_B,OF,CDR1,95.25545454545455,0.2
177,7nfr_B,OFr4,CDR1,95.25545454545455,0.2
181,7lzp_C,YS,CDR1,74.63545454545455,2.1
182,7lzp_C,ESM,CDR1,81.27272727272727,2.0
183,7lzp_C,IF,CDR1,1.1172727272727272,1.9
184,7lzp_C,AF2,CDR1,83.53363636363636,1.9
185,7lzp_C,OF,CDR1,84.51636363636364,2.1
186,7lzp_C,OFr4,CDR1,84.51636363636364,2.1
190,7r63_A,YS,CDR1,81.49636363636363,1.7
191,7r63_A,ESM,CDR1,81.63636363636364,0.7
192,7r63_A,IF,CDR1,0.7645454545454548,0.5
193,7r63_A,AF2,CDR1,84.61272727272727,1.7
194,7r63_A,OF,CDR1,84.82,0.6
195,7r63_A,OFr4,CDR1,83.25363636363637,0.6
198,7l6v_B,YS,CDR1,81.3718181818182,1.9
199,7l6v_B,ESM,CDR1,84.72727272727273,0.5
200,7l6v_B,IF,CDR1,0.3918181818181818,0.7
201,7l6v_B,AF2,CDR1,95.71272727272726,0.5
202,7l6v_B,OF,CDR1,95.72363636363634,0.5
203,7l6v_B,OFr4,CDR1,95.37363636363635,0.5
207,7php_N,YS,CDR1,69.15545454545455,2.2
208,7php_N,ESM,CDR1,88.81818181818181,0.5
209,7php_N,IF,CDR1,0.8654545454545454,2.1
210,7php_N,AF2,CDR1,91.44272727272727,0.8
211,7php_N,OF,CDR1,88.49727272727273,0.5
212,7php_N,OFr4,CDR1,86.55272727272728,0.5
216,7anq_B,YS,CDR1,84.70818181818181,3.5
217,7anq_B,ESM,CDR1,77.0,2.6
218,7anq_B,IF,CDR1,0.8200000000000002,2.6
219,7anq_B,AF2,CDR1,82.29090909090908,2.7
220,7anq_B,OF,CDR1,76.63272727272727,3.0
221,7anq_B,OFr4,CDR1,75.97818181818182,3.0
225,7m1h_E,YS,CDR1,76.20545454545454,2.7
226,7m1h_E,ESM,CDR1,90.81818181818181,0.5
227,7m1h_E,IF,CDR1,0.8945454545454545,1.0
228,7m1h_E,AF2,CDR1,93.34909090909092,0.7
229,7m1h_E,OF,CDR1,92.61181818181818,0.6
230,7m1h_E,OFr4,CDR1,92.61181818181818,0.6
234,7z1c_E,YS,CDR1,83.64272727272726,3.3
235,7z1c_E,ESM,CDR1,83.9090909090909,2.9
236,7z1c_E,IF,CDR1,0.8236363636363637,3.5
237,7z1c_E,AF2,CDR1,88.17727272727274,2.9
238,7z1c_E,OF,CDR1,74.87090909090911,2.8
239,7z1c_E,OFr4,CDR1,73.11727272727272,2.4
243,7olz_B,YS,CDR1,78.17545454545454,1.9
244,7olz_B,ESM,CDR1,83.0,1.6
245,7olz_B,IF,CDR1,1.0863636363636364,1.1
246,7olz_B,AF2,CDR1,90.81272727272727,1.6
247,7olz_B,OF,CDR1,83.7790909090909,2.0
248,7olz_B,OFr4,CDR1,83.07818181818183,2.0
252,7d6y_B,YS,CDR1,82.1209090909091,0.8
253,7d6y_B,ESM,CDR1,88.54545454545455,0.8
254,7d6y_B,IF,CDR1,0.4663636363636364,1.0
255,7d6y_B,AF2,CDR1,92.54272727272728,0.8
256,7d6y_B,OF,CDR1,90.57181818181819,0.8
257,7d6y_B,OFr4,CDR1,90.77181818181818,0.8
261,7r4i_D,YS,CDR1,87.0675,2.5
262,7r4i_D,ESM,CDR1,77.58333333333333,2.7
263,7r4i_D,IF,CDR1,1.7458333333333333,2.4
264,7r4i_D,AF2,CDR1,86.35333333333335,2.9
265,7r4i_D,OF,CDR1,79.48916666666666,2.5
266,7r4i_D,OFr4,CDR1,76.26166666666666,2.6
269,7fat_B,YS,CDR1,82.19363636363636,2.0
270,7fat_B,ESM,CDR1,79.9090909090909,1.8
271,7fat_B,IF,CDR1,0.46636363636363637,2.1
272,7fat_B,AF2,CDR1,86.65727272727271,2.1
273,7fat_B,OF,CDR1,76.98545454545456,1.7
274,7fat_B,OFr4,CDR1,75.92363636363636,1.7
278,7sl9_B,YS,CDR1,81.23727272727272,2.6
279,7sl9_B,ESM,CDR1,79.27272727272727,1.3
280,7sl9_B,IF,CDR1,1.478181818181818,2.2
281,7sl9_B,AF2,CDR1,86.88,0.9
282,7sl9_B,OF,CDR1,85.73454545454547,1.0
283,7sl9_B,OFr4,CDR1,85.12363636363636,1.0
287,7nqa_C,YS,CDR1,75.57727272727273,2.6
288,7nqa_C,ESM,CDR1,89.9090909090909,0.6
289,7nqa_C,IF,CDR1,1.1409090909090909,2.1
290,7nqa_C,AF2,CDR1,94.58818181818182,0.5
291,7nqa_C,OF,CDR1,95.4718181818182,0.5
292,7nqa_C,OFr4,CDR1,82.43454545454546,1.1
295,7te8_A,YS,CDR1,74.18545454545453,4.2
296,7te8_A,ESM,CDR1,78.36363636363636,3.3
297,7te8_A,IF,CDR1,1.4527272727272726,3.3
298,7te8_A,AF2,CDR1,75.12363636363636,3.6
299,7te8_A,OF,CDR1,73.71000000000001,3.0
300,7te8_A,OFr4,CDR1,75.5181818181818,3.2
303,7o06_A,YS,CDR1,81.96636363636365,2.0
304,7o06_A,ESM,CDR1,78.45454545454545,1.4
305,7o06_A,IF,CDR1,1.2154545454545456,2.8
306,7o06_A,AF2,CDR1,82.06272727272727,3.3
307,7o06_A,OF,CDR1,79.44727272727273,1.2
308,7o06_A,OFr4,CDR1,77.27,1.1
312,7p6k_G,YS,CDR1,81.04636363636364,2.7
313,7p6k_G,ESM,CDR1,94.18181818181819,2.8
314,7p6k_G,IF,CDR1,0.4563636363636363,2.5
315,7p6k_G,AF2,CDR1,94.78727272727271,2.6
316,7p6k_G,OF,CDR1,94.71,2.9
317,7p6k_G,OFr4,CDR1,94.72818181818182,2.9
320,7omn_A,YS,CDR1,84.56272727272727,0.9
321,7omn_A,ESM,CDR1,89.81818181818181,0.7
322,7omn_A,IF,CDR1,0.47272727272727266,0.7
323,7omn_A,AF2,CDR1,95.60818181818182,0.5
324,7omn_A,OF,CDR1,92.24727272727273,0.9
325,7omn_A,OFr4,CDR1,91.38090909090909,0.8
328,7te8_C,YS,CDR1,82.72545454545455,3.1
329,7te8_C,ESM,CDR1,85.27272727272727,3.8
330,7te8_C,IF,CDR1,1.5654545454545454,2.2
331,7te8_C,AF2,CDR1,77.24,1.3
332,7te8_C,OF,CDR1,71.56727272727272,1.1
333,7te8_C,OFr4,CDR1,70.60545454545455,1.1
336,7p60_G,YS,CDR1,77.97909090909091,3.3
337,7p60_G,ESM,CDR1,87.81818181818181,0.8
338,7p60_G,IF,CDR1,0.9763636363636365,1.9
339,7p60_G,AF2,CDR1,84.66545454545455,1.8
340,7p60_G,OF,CDR1,89.18636363636364,0.7
341,7p60_G,OFr4,CDR1,85.15181818181817,1.0
344,7ar0_B,YS,CDR1,79.61454545454545,2.0
345,7ar0_B,ESM,CDR1,83.36363636363636,0.7
346,7ar0_B,IF,CDR1,0.8881818181818182,1.7
347,7ar0_B,AF2,CDR1,87.75272727272728,1.0
348,7ar0_B,OF,CDR1,86.39363636363636,1.4
349,7ar0_B,OFr4,CDR1,85.45545454545454,0.8
353,7l6v_C,YS,CDR1,86.33636363636363,3.6
354,7l6v_C,ESM,CDR1,71.72727272727273,1.4
355,7l6v_C,IF,CDR1,0.7336363636363636,2.4
356,7l6v_C,AF2,CDR1,84.57545454545453,2.4
357,7l6v_C,OF,CDR1,79.83909090909093,2.6
358,7l6v_C,OFr4,CDR1,79.83909090909093,2.6
361,7qbg_E,YS,CDR1,83.4809090909091,1.2
362,7qbg_E,ESM,CDR1,86.18181818181819,1.9
363,7qbg_E,IF,CDR1,0.6981818181818182,1.2
364,7qbg_E,AF2,CDR1,92.4890909090909,0.8
365,7qbg_E,OF,CDR1,84.73727272727272,1.8
366,7qbg_E,OFr4,CDR1,84.73727272727272,1.8
370,7qbe_E,YS,CDR1,83.91,1.6
371,7qbe_E,ESM,CDR1,88.125,0.4
372,7qbe_E,IF,CDR1,0.58125,1.2
373,7qbe_E,AF2,CDR1,92.12125,0.6
374,7qbe_E,OF,CDR1,91.32750000000001,0.5
375,7qbe_E,OFr4,CDR1,89.8275,0.5
379,7t5f_B,YS,CDR1,66.42363636363638,1.5
380,7t5f_B,ESM,CDR1,91.45454545454545,0.5
381,7t5f_B,IF,CDR1,0.2963636363636364,0.4
382,7t5f_B,AF2,CDR1,94.57454545454544,0.5
383,7t5f_B,OF,CDR1,96.18454545454546,0.5
384,7t5f_B,OFr4,CDR1,95.5809090909091,0.5
388,7lzp_B,YS,CDR1,84.32545454545453,2.2
389,7lzp_B,ESM,CDR1,82.18181818181819,2.5
390,7lzp_B,IF,CDR1,1.3745454545454545,1.5
391,7lzp_B,AF2,CDR1,86.63545454545455,2.2
392,7lzp_B,OF,CDR1,82.44363636363636,1.9
393,7lzp_B,OFr4,CDR1,82.91181818181818,2.1
397,7na9_D,YS,CDR1,83.46454545454546,1.9
398,7na9_D,ESM,CDR1,84.9090909090909,0.7
399,7na9_D,IF,CDR1,1.1036363636363635,1.5
400,7na9_D,AF2,CDR1,81.82545454545453,1.8
401,7na9_D,OF,CDR1,80.65454545454544,1.6
402,7na9_D,OFr4,CDR1,80.34636363636363,1.6
406,7s2r_B,YS,CDR1,85.62363636363636,3.5
407,7s2r_B,ESM,CDR1,75.63636363636364,2.8
408,7s2r_B,IF,CDR1,1.280909090909091,2.5
409,7s2r_B,AF2,CDR1,76.13454545454546,2.9
410,7s2r_B,OF,CDR1,81.81181818181818,3.0
411,7s2r_B,OFr4,CDR1,81.81181818181818,3.0
415,7b2p_D,YS,CDR1,82.51272727272728,1.4
416,7b2p_D,ESM,CDR1,93.54545454545455,0.5
417,7b2p_D,IF,CDR1,0.23272727272727273,0.4
418,7b2p_D,AF2,CDR1,97.13363636363637,0.6
419,7b2p_D,OF,CDR1,95.21909090909092,0.6
420,7b2p_D,OFr4,CDR1,94.07636363636362,0.6
423,7r74_B,YS,CDR1,80.78090909090909,4.3
424,7r74_B,ESM,CDR1,73.63636363636364,2.7
425,7r74_B,IF,CDR1,0.9545454545454546,1.2
426,7r74_B,AF2,CDR1,92.69272727272727,2.6
427,7r74_B,OF,CDR1,80.94545454545454,3.2
428,7r74_B,OFr4,CDR1,80.93181818181819,3.3
432,7p5y_G,YS,CDR1,82.03818181818181,1.0
433,7p5y_G,ESM,CDR1,88.0909090909091,0.6
434,7p5y_G,IF,CDR1,0.5190909090909092,1.4
435,7p5y_G,AF2,CDR1,92.42454545454545,0.6
436,7p5y_G,OF,CDR1,90.66,1.3
437,7p5y_G,OFr4,CDR1,87.04,1.2
440,7qiv_C,YS,CDR1,78.52818181818182,2.7
441,7qiv_C,ESM,CDR1,85.45454545454545,2.7
442,7qiv_C,IF,CDR1,0.9390909090909091,3.0
443,7qiv_C,AF2,CDR1,88.51363636363637,2.9
444,7qiv_C,OF,CDR1,83.33545454545454,2.7
445,7qiv_C,OFr4,CDR1,83.33545454545454,2.7
448,7r98_D,YS,CDR1,77.98333333333333,2.0
449,7r98_D,ESM,CDR1,80.83333333333333,1.7
450,7r98_D,IF,CDR1,1.1266666666666667,2.1
451,7r98_D,AF2,CDR1,85.59500000000001,1.6
452,7r98_D,OF,CDR1,83.69666666666666,1.4
453,7r98_D,OFr4,CDR1,83.69666666666666,1.4
457,7r20_B,YS,CDR1,76.47909090909091,2.9
458,7r20_B,ESM,CDR1,79.36363636363636,2.0
459,7r20_B,IF,CDR1,0.7245454545454545,1.5
460,7r20_B,AF2,CDR1,83.74272727272728,2.0
461,7r20_B,OF,CDR1,74.9709090909091,2.3
462,7r20_B,OFr4,CDR1,74.9709090909091,2.3
465,7czd_A,YS,CDR1,83.77363636363637,1.6
466,7czd_A,ESM,CDR1,92.45454545454545,0.5
467,7czd_A,IF,CDR1,0.27454545454545454,0.7
468,7czd_A,AF2,CDR1,95.63272727272728,0.4
469,7czd_A,OF,CDR1,95.09454545454545,0.4
470,7czd_A,OFr4,CDR1,93.70545454545457,0.4
473,7tpr_F,YS,CDR1,86.66454545454546,3.2
474,7tpr_F,ESM,CDR1,79.27272727272727,3.7
475,7tpr_F,IF,CDR1,1.4909090909090907,2.0
476,7tpr_F,AF2,CDR1,80.83545454545454,3.5
477,7tpr_F,OF,CDR1,76.53818181818181,2.0
478,7tpr_F,OFr4,CDR1,76.27090909090909,1.3
481,7e53_B,YS,CDR1,80.77727272727273,4.1
482,7e53_B,ESM,CDR1,78.18181818181819,3.0
483,7e53_B,IF,CDR1,1.1081818181818182,2.8
484,7e53_B,AF2,CDR1,76.16272727272728,3.0
485,7e53_B,OF,CDR1,83.72181818181818,2.6
486,7e53_B,OFr4,CDR1,83.72181818181818,2.6
490,7f5g_B,YS,CDR1,80.85818181818183,5.2
491,7f5g_B,ESM,CDR1,81.45454545454545,2.6
492,7f5g_B,IF,CDR1,1.1290909090909091,2.9
493,7f5g_B,AF2,CDR1,86.33727272727273,4.0
494,7f5g_B,OF,CDR1,70.80727272727273,4.5
495,7f5g_B,OFr4,CDR1,72.69363636363637,4.3
499,7zfb_M,YS,CDR1,71.96454545454546,2.5
500,7zfb_M,ESM,CDR1,79.18181818181819,2.7
501,7zfb_M,IF,CDR1,0.9081818181818182,2.4
502,7zfb_M,AF2,CDR1,78.71454545454544,1.5
503,7zfb_M,OF,CDR1,76.17909090909092,1.7
504,7zfb_M,OFr4,CDR1,77.4309090909091,1.7
508,7ndf_C,YS,CDR1,76.47272727272728,1.7
509,7ndf_C,ESM,CDR1,75.45454545454545,0.8
510,7ndf_C,IF,CDR1,0.7,3.7
511,7ndf_C,AF2,CDR1,88.19181818181818,0.9
512,7ndf_C,OF,CDR1,80.98818181818181,1.5
513,7ndf_C,OFr4,CDR1,81.9981818181818,1.5
517,7t5f_C,YS,CDR1,81.76181818181819,3.2
518,7t5f_C,ESM,CDR1,81.0909090909091,3.8
519,7t5f_C,IF,CDR1,1.217272727272727,3.7
520,7t5f_C,AF2,CDR1,82.7690909090909,4.4
521,7t5f_C,OF,CDR1,76.12545454545456,4.0
522,7t5f_C,OFr4,CDR1,75.44999999999999,4.2
526,7ngh_D,YS,CDR1,81.30545454545455,2.1
527,7ngh_D,ESM,CDR1,91.36363636363636,1.7
528,7ngh_D,IF,CDR1,0.33454545454545453,1.6
529,7ngh_D,AF2,CDR1,94.3409090909091,1.7
530,7ngh_D,OF,CDR1,93.80636363636363,1.6
531,7ngh_D,OFr4,CDR1,93.80636363636363,1.6
535,7rnn_C,YS,CDR1,85.09636363636363,2.1
536,7rnn_C,ESM,CDR1,91.54545454545455,0.8
537,7rnn_C,IF,CDR1,0.2972727272727273,0.9
538,7rnn_C,AF2,CDR1,97.16181818181816,0.8
539,7rnn_C,OF,CDR1,94.02545454545454,0.8
540,7rnn_C,OFr4,CDR1,93.39272727272729,0.7
544,7z1a_E,YS,CDR1,81.20454545454547,3.5
545,7z1a_E,ESM,CDR1,82.63636363636364,3.1
546,7z1a_E,IF,CDR1,0.6945454545454546,0.5
547,7z1a_E,AF2,CDR1,88.04,3.0
548,7z1a_E,OF,CDR1,84.7409090909091,2.7
549,7z1a_E,OFr4,CDR1,84.7409090909091,2.7
552,7apj_B,YS,CDR1,85.15090909090911,1.1
553,7apj_B,ESM,CDR1,90.36363636363636,0.8
554,7apj_B,IF,CDR1,0.5318181818181817,1.0
555,7apj_B,AF2,CDR1,94.73636363636363,0.7
556,7apj_B,OF,CDR1,94.4809090909091,0.8
557,7apj_B,OFr4,CDR1,94.4809090909091,0.8
560,7lzp_G,YS,CDR1,82.70454545454545,1.2
561,7lzp_G,ESM,CDR1,91.0909090909091,0.7
562,7lzp_G,IF,CDR1,1.2054545454545456,3.1
563,7lzp_G,AF2,CDR1,94.15272727272728,0.7
564,7lzp_G,OF,CDR1,95.36454545454545,0.6
565,7lzp_G,OFr4,CDR1,93.76090909090908,0.6
569,7nfq_C,YS,CDR1,78.55545454545455,1.5
570,7nfq_C,ESM,CDR1,90.54545454545455,0.4
571,7nfq_C,IF,CDR1,0.23090909090909092,0.5
572,7nfq_C,AF2,CDR1,94.60181818181817,0.3
573,7nfq_C,OF,CDR1,94.45181818181818,0.2
574,7nfq_C,OFr4,CDR1,94.44909090909091,0.2
578,7ooi_A,YS,CDR1,85.04545454545455,1.2
579,7ooi_A,ESM,CDR1,88.27272727272727,1.0
580,7ooi_A,IF,CDR1,0.45909090909090905,1.4
581,7ooi_A,AF2,CDR1,95.67636363636365,1.3
582,7ooi_A,OF,CDR1,93.71090909090911,0.9
583,7ooi_A,OFr4,CDR1,93.65545454545457,1.0
586,7nqk_B,YS,CDR1,83.79545454545455,1.4
587,7nqk_B,ESM,CDR1,83.0,1.1
588,7nqk_B,IF,CDR1,0.8836363636363637,1.9
589,7nqk_B,AF2,CDR1,94.04727272727273,1.2
590,7nqk_B,OF,CDR1,85.07999999999998,0.9
591,7nqk_B,OFr4,CDR1,84.54181818181819,1.0
594,7djx_A,YS,CDR1,81.95545454545453,1.9
595,7djx_A,ESM,CDR1,79.72727272727273,0.8
596,7djx_A,IF,CDR1,1.0109090909090908,1.2
597,7djx_A,AF2,CDR1,89.06636363636363,0.9
598,7djx_A,OF,CDR1,76.69454545454545,0.7
599,7djx_A,OFr4,CDR1,76.87272727272727,0.7
602,7pqg_B,YS,CDR1,86.25636363636364,2.9
603,7pqg_B,ESM,CDR1,81.45454545454545,3.1
604,7pqg_B,IF,CDR1,0.9763636363636362,2.3
605,7pqg_B,AF2,CDR1,82.13636363636364,3.0
606,7pqg_B,OF,CDR1,82.1590909090909,2.8
607,7pqg_B,OFr4,CDR1,82.1590909090909,2.8
611,7djy_A,YS,CDR1,79.78818181818183,2.0
612,7djy_A,ESM,CDR1,77.27272727272727,1.5
613,7djy_A,IF,CDR1,0.629090909090909,0.6
614,7djy_A,AF2,CDR1,84.42909090909092,1.3
615,7djy_A,OF,CDR1,90.35363636363637,0.5
616,7djy_A,OFr4,CDR1,89.95818181818181,0.6
619,7vfb_B,YS,CDR1,76.62090909090908,2.9
620,7vfb_B,ESM,CDR1,81.72727272727273,1.8
621,7vfb_B,IF,CDR1,1.4463636363636363,1.5
622,7vfb_B,AF2,CDR1,85.06272727272727,1.4
623,7vfb_B,OF,CDR1,78.29636363636364,1.5
624,7vfb_B,OFr4,CDR1,78.48454545454545,1.4
627,7r4r_D,YS,CDR1,79.25363636363637,4.1
628,7r4r_D,ESM,CDR1,85.36363636363636,3.2
629,7r4r_D,IF,CDR1,1.300909090909091,3.0
630,7r4r_D,AF2,CDR1,79.14,2.3
631,7r4r_D,OF,CDR1,77.43818181818182,2.3
632,7r4r_D,OFr4,CDR1,78.2781818181818,2.8
635,7r4q_D,YS,CDR1,84.77909090909093,3.8
636,7r4q_D,ESM,CDR1,80.81818181818181,3.5
637,7r4q_D,IF,CDR1,0.6509090909090908,3.3
638,7r4q_D,AF2,CDR1,83.2690909090909,3.3
639,7r4q_D,OF,CDR1,92.24545454545455,3.3
640,7r4q_D,OFr4,CDR1,90.67090909090909,3.3
643,7n9c_D,YS,CDR2,84.41000000000001,1.9
644,7n9c_D,ESM,CDR2,82.66666666666667,1.2
645,7n9c_D,IF,CDR2,0.6177777777777779,1.0
646,7n9c_D,AF2,CDR2,90.79666666666668,1.2
647,7n9c_D,OF,CDR2,87.24777777777778,1.2
648,7n9c_D,OFr4,CDR2,87.24777777777778,1.2
651,7d8b_B,YS,CDR2,76.96444444444445,1.0
652,7d8b_B,ESM,CDR2,89.0,0.6
653,7d8b_B,IF,CDR2,0.5855555555555555,0.9
654,7d8b_B,AF2,CDR2,93.76333333333335,0.6
655,7d8b_B,OF,CDR2,91.71,0.6
656,7d8b_B,OFr4,CDR2,91.28999999999999,0.6
660,7l6v_D,YS,CDR2,82.49,1.0
661,7l6v_D,ESM,CDR2,88.875,0.5
662,7l6v_D,IF,CDR2,0.65125,1.2
663,7l6v_D,AF2,CDR2,94.76625,0.4
664,7l6v_D,OF,CDR2,92.56125,0.5
665,7l6v_D,OFr4,CDR2,92.51625000000001,0.5
669,7p5v_G,YS,CDR2,85.47333333333333,2.4
670,7p5v_G,ESM,CDR2,86.0,0.9
671,7p5v_G,IF,CDR2,0.7755555555555556,0.9
672,7p5v_G,AF2,CDR2,86.16555555555557,0.7
673,7p5v_G,OF,CDR2,94.04777777777777,2.5
674,7p5v_G,OFr4,CDR2,92.93,2.5
677,6zwk_A,YS,CDR2,85.80444444444444,0.8
678,6zwk_A,ESM,CDR2,88.22222222222223,0.4
679,6zwk_A,IF,CDR2,0.5055555555555555,0.2
680,6zwk_A,AF2,CDR2,95.55222222222221,0.3
681,6zwk_A,OF,CDR2,93.23666666666666,0.3
682,6zwk_A,OFr4,CDR2,93.23666666666666,0.3
685,7ocy_C,YS,CDR2,86.10875,1.3
686,7ocy_C,ESM,CDR2,91.75,1.0
687,7ocy_C,IF,CDR2,0.4275,1.0
688,7ocy_C,AF2,CDR2,97.68124999999999,0.9
689,7ocy_C,OF,CDR2,95.99624999999999,0.9
690,7ocy_C,OFr4,CDR2,95.86,0.9
694,7cz0_E,YS,CDR2,90.22222222222223,0.9
695,7cz0_E,ESM,CDR2,93.33333333333333,0.4
696,7cz0_E,IF,CDR2,0.5211111111111111,0.5
697,7cz0_E,AF2,CDR2,96.5188888888889,0.3
698,7cz0_E,OF,CDR2,97.51333333333334,0.9
699,7cz0_E,OFr4,CDR2,97.62444444444444,0.8
702,7oan_F,YS,CDR2,87.27666666666667,1.5
703,7oan_F,ESM,CDR2,93.11111111111111,0.8
704,7oan_F,IF,CDR2,0.6722222222222222,0.7
705,7oan_F,AF2,CDR2,95.26444444444444,0.8
706,7oan_F,OF,CDR2,92.43333333333332,0.7
707,7oan_F,OFr4,CDR2,92.43333333333332,0.7
710,7m1h_F,YS,CDR2,83.33625,1.1
711,7m1h_F,ESM,CDR2,88.875,0.8
712,7m1h_F,IF,CDR2,0.43125,1.2
713,7m1h_F,AF2,CDR2,93.83,0.6
714,7m1h_F,OF,CDR2,91.66375,0.9
715,7m1h_F,OFr4,CDR2,91.66375,0.9
719,7kd0_C,YS,CDR2,76.22666666666666,2.8
720,7kd0_C,ESM,CDR2,83.77777777777777,2.8
721,7kd0_C,IF,CDR2,0.8022222222222222,3.2
722,7kd0_C,AF2,CDR2,90.06888888888889,2.9
723,7kd0_C,OF,CDR2,86.75555555555553,2.6
724,7kd0_C,OFr4,CDR2,87.77888888888887,2.7
727,7tpr_D,YS,CDR2,83.34555555555556,1.3
728,7tpr_D,ESM,CDR2,84.66666666666667,1.6
729,7tpr_D,IF,CDR2,0.6255555555555555,1.8
730,7tpr_D,AF2,CDR2,92.76444444444445,1.9
731,7tpr_D,OF,CDR2,89.65,1.7
732,7tpr_D,OFr4,CDR2,89.65,1.7
735,7z1b_E,YS,CDR2,80.64111111111112,1.7
736,7z1b_E,ESM,CDR2,79.66666666666667,0.8
737,7z1b_E,IF,CDR2,0.6811111111111111,0.5
738,7z1b_E,AF2,CDR2,89.70999999999998,1.8
739,7z1b_E,OF,CDR2,83.1277777777778,1.6
740,7z1b_E,OFr4,CDR2,81.75777777777779,1.6
744,7nft_C,YS,CDR2,83.88555555555556,2.0
745,7nft_C,ESM,CDR2,85.77777777777777,0.6
746,7nft_C,IF,CDR2,0.6444444444444445,0.7
747,7nft_C,AF2,CDR2,95.83333333333333,0.7
748,7nft_C,OF,CDR2,94.84666666666666,0.7
749,7nft_C,OFr4,CDR2,94.12888888888888,0.6
753,7rby_B,YS,CDR2,81.64666666666668,0.6
754,7rby_B,ESM,CDR2,79.77777777777777,0.7
755,7rby_B,IF,CDR2,0.8733333333333333,1.1
756,7rby_B,AF2,CDR2,87.87333333333333,1.4
757,7rby_B,OF,CDR2,80.62777777777778,0.9
758,7rby_B,OFr4,CDR2,80.02000000000001,0.8
762,7d4b_B,YS,CDR2,80.54777777777778,1.0
763,7d4b_B,ESM,CDR2,77.11111111111111,0.9
764,7d4b_B,IF,CDR2,0.6711111111111111,0.7
765,7d4b_B,AF2,CDR2,85.80777777777779,1.0
766,7d4b_B,OF,CDR2,83.4211111111111,1.0
767,7d4b_B,OFr4,CDR2,83.5922222222222,0.8
771,7e6u_B,YS,CDR2,83.68,1.4
772,7e6u_B,ESM,CDR2,85.75,1.2
773,7e6u_B,IF,CDR2,0.66125,1.4
774,7e6u_B,AF2,CDR2,94.19875,1.1
775,7e6u_B,OF,CDR2,91.53999999999999,1.2
776,7e6u_B,OFr4,CDR2,89.22625,1.1
779,7p5w_G,YS,CDR2,84.94,2.5
780,7p5w_G,ESM,CDR2,83.88888888888889,1.4
781,7p5w_G,IF,CDR2,0.6955555555555555,2.1
782,7p5w_G,AF2,CDR2,91.07777777777778,2.2
783,7p5w_G,OF,CDR2,95.18333333333332,2.8
784,7p5w_G,OFr4,CDR2,93.76555555555557,2.7
787,7vfa_D,YS,CDR2,85.8825,0.9
788,7vfa_D,ESM,CDR2,89.875,0.4
789,7vfa_D,IF,CDR2,0.7374999999999999,0.7
790,7vfa_D,AF2,CDR2,94.3175,0.5
791,7vfa_D,OF,CDR2,92.28000000000002,0.5
792,7vfa_D,OFr4,CDR2,92.14625000000001,0.5
796,7s7r_B,YS,CDR2,86.39333333333333,1.5
797,7s7r_B,ESM,CDR2,88.66666666666667,0.6
798,7s7r_B,IF,CDR2,0.49222222222222217,0.6
799,7s7r_B,AF2,CDR2,90.97777777777777,0.5
800,7s7r_B,OF,CDR2,91.25333333333334,0.6
801,7s7r_B,OFr4,CDR2,91.25333333333334,0.6
804,7fau_B,YS,CDR2,88.4075,1.0
805,7fau_B,ESM,CDR2,88.0,0.5
806,7fau_B,IF,CDR2,0.47,0.9
807,7fau_B,AF2,CDR2,92.91375000000001,0.5
808,7fau_B,OF,CDR2,89.465,0.5
809,7fau_B,OFr4,CDR2,88.2125,0.5
813,7nfr_B,YS,CDR2,85.90777777777778,1.8
814,7nfr_B,ESM,CDR2,88.66666666666667,0.6
815,7nfr_B,IF,CDR2,0.3977777777777778,0.5
816,7nfr_B,AF2,CDR2,95.43777777777778,0.6
817,7nfr_B,OF,CDR2,95.36666666666667,0.2
818,7nfr_B,OFr4,CDR2,95.36666666666667,0.2
822,7lzp_C,YS,CDR2,84.9175,1.0
823,7lzp_C,ESM,CDR2,89.625,0.5
824,7lzp_C,IF,CDR2,0.6675,1.0
825,7lzp_C,AF2,CDR2,94.72125,0.3
826,7lzp_C,OF,CDR2,93.99875,0.2
827,7lzp_C,OFr4,CDR2,93.99875,0.2
831,7r63_A,YS,CDR2,84.74333333333333,1.9
832,7r63_A,ESM,CDR2,83.22222222222223,1.4
833,7r63_A,IF,CDR2,1.2633333333333332,1.9
834,7r63_A,AF2,CDR2,83.58666666666666,1.9
835,7r63_A,OF,CDR2,83.60333333333335,1.1
836,7r63_A,OFr4,CDR2,81.97777777777777,1.3
839,7l6v_B,YS,CDR2,73.24555555555555,2.2
840,7l6v_B,ESM,CDR2,79.0,1.9
841,7l6v_B,IF,CDR2,0.5277777777777778,0.6
842,7l6v_B,AF2,CDR2,96.65333333333334,0.6
843,7l6v_B,OF,CDR2,95.38555555555553,0.5
844,7l6v_B,OFr4,CDR2,94.66888888888889,0.5
848,7php_N,YS,CDR2,79.75625000000001,1.2
849,7php_N,ESM,CDR2,91.625,0.8
850,7php_N,IF,CDR2,0.61875,0.9
851,7php_N,AF2,CDR2,96.7,0.7
852,7php_N,OF,CDR2,93.57,0.8
853,7php_N,OFr4,CDR2,92.45,0.8
857,7anq_B,YS,CDR2,76.22444444444446,4.2
858,7anq_B,ESM,CDR2,74.0,2.4
859,7anq_B,IF,CDR2,1.01,2.7
860,7anq_B,AF2,CDR2,83.15333333333335,2.4
861,7anq_B,OF,CDR2,76.69,1.3
862,7anq_B,OFr4,CDR2,76.17444444444443,2.0
866,7m1h_E,YS,CDR2,82.54625,0.9
867,7m1h_E,ESM,CDR2,90.5,0.7
868,7m1h_E,IF,CDR2,0.78875,0.8
869,7m1h_E,AF2,CDR2,95.15874999999998,0.7
870,7m1h_E,OF,CDR2,93.78875,0.8
871,7m1h_E,OFr4,CDR2,93.78875,0.8
875,7z1c_E,YS,CDR2,78.00888888888888,2.2
876,7z1c_E,ESM,CDR2,78.88888888888889,1.9
877,7z1c_E,IF,CDR2,0.638888888888889,0.7
878,7z1c_E,AF2,CDR2,89.11444444444444,1.9
879,7z1c_E,OF,CDR2,78.81666666666666,1.8
880,7z1c_E,OFr4,CDR2,78.77666666666666,1.7
884,7olz_B,YS,CDR2,75.88875,2.1
885,7olz_B,ESM,CDR2,84.125,0.5
886,7olz_B,IF,CDR2,0.6250000000000001,0.4
887,7olz_B,AF2,CDR2,91.37125,0.4
888,7olz_B,OF,CDR2,92.7475,0.4
889,7olz_B,OFr4,CDR2,92.36875,0.4
893,7d6y_B,YS,CDR2,79.59555555555556,1.2
894,7d6y_B,ESM,CDR2,88.66666666666667,0.7
895,7d6y_B,IF,CDR2,0.6688888888888889,1.3
896,7d6y_B,AF2,CDR2,93.04888888888888,0.7
897,7d6y_B,OF,CDR2,91.47555555555556,0.8
898,7d6y_B,OFr4,CDR2,90.64111111111112,0.7
902,7r4i_D,YS,CDR2,90.17444444444443,1.9
903,7r4i_D,ESM,CDR2,82.88888888888889,1.9
904,7r4i_D,IF,CDR2,0.9488888888888888,1.6
905,7r4i_D,AF2,CDR2,93.99222222222222,1.7
906,7r4i_D,OF,CDR2,85.01555555555555,3.0
907,7r4i_D,OFr4,CDR2,85.28888888888889,2.1
910,7fat_B,YS,CDR2,80.73375,0.9
911,7fat_B,ESM,CDR2,84.125,0.3
912,7fat_B,IF,CDR2,0.40125,0.7
913,7fat_B,AF2,CDR2,90.42625,0.7
914,7fat_B,OF,CDR2,85.19875,0.8
915,7fat_B,OFr4,CDR2,84.01875,0.8
919,7sl9_B,YS,CDR2,86.3525,2.0
920,7sl9_B,ESM,CDR2,80.75,1.2
921,7sl9_B,IF,CDR2,0.7725,0.9
922,7sl9_B,AF2,CDR2,92.89875,0.7
923,7sl9_B,OF,CDR2,92.705,0.8
924,7sl9_B,OFr4,CDR2,92.73875,0.8
928,7nqa_C,YS,CDR2,86.00875,1.9
929,7nqa_C,ESM,CDR2,92.125,1.4
930,7nqa_C,IF,CDR2,0.54125,2.7
931,7nqa_C,AF2,CDR2,96.08125000000001,1.7
932,7nqa_C,OF,CDR2,96.41499999999999,1.5
933,7nqa_C,OFr4,CDR2,93.88875,1.7
936,7te8_A,YS,CDR2,73.17599999999999,2.2
937,7te8_A,ESM,CDR2,75.0,2.5
938,7te8_A,IF,CDR2,1.3239999999999998,2.2
939,7te8_A,AF2,CDR2,80.292,2.4
940,7te8_A,OF,CDR2,75.25699999999999,2.0
941,7te8_A,OFr4,CDR2,79.505,2.2
944,7o06_A,YS,CDR2,89.375,1.0
945,7o06_A,ESM,CDR2,88.75,0.7
946,7o06_A,IF,CDR2,0.6224999999999999,1.1
947,7o06_A,AF2,CDR2,96.59875,1.1
948,7o06_A,OF,CDR2,92.77749999999999,0.9
949,7o06_A,OFr4,CDR2,91.59249999999999,0.9
953,7p6k_G,YS,CDR2,84.55222222222221,2.6
954,7p6k_G,ESM,CDR2,91.0,2.0
955,7p6k_G,IF,CDR2,0.55,1.2
956,7p6k_G,AF2,CDR2,93.38222222222221,2.1
957,7p6k_G,OF,CDR2,92.76,1.7
958,7p6k_G,OFr4,CDR2,92.8488888888889,1.7
961,7omn_A,YS,CDR2,82.86444444444446,1.8
962,7omn_A,ESM,CDR2,86.0,2.2
963,7omn_A,IF,CDR2,0.6588888888888889,2.4
964,7omn_A,AF2,CDR2,94.91444444444443,2.6
965,7omn_A,OF,CDR2,89.60555555555555,2.4
966,7omn_A,OFr4,CDR2,88.62555555555555,2.4
969,7te8_C,YS,CDR2,90.493,1.2
970,7te8_C,ESM,CDR2,86.0,0.8
971,7te8_C,IF,CDR2,1.403,2.1
972,7te8_C,AF2,CDR2,88.296,0.5
973,7te8_C,OF,CDR2,85.082,1.2
974,7te8_C,OFr4,CDR2,84.27700000000002,1.3
977,7p60_G,YS,CDR2,79.61444444444444,1.5
978,7p60_G,ESM,CDR2,89.11111111111111,1.5
979,7p60_G,IF,CDR2,0.7677777777777778,1.2
980,7p60_G,AF2,CDR2,92.30111111111111,1.5
981,7p60_G,OF,CDR2,92.73333333333333,1.5
982,7p60_G,OFr4,CDR2,92.50222222222222,1.6
985,7ar0_B,YS,CDR2,84.29555555555554,0.9
986,7ar0_B,ESM,CDR2,88.44444444444444,0.6
987,7ar0_B,IF,CDR2,0.5622222222222223,0.9
988,7ar0_B,AF2,CDR2,94.13111111111111,0.6
989,7ar0_B,OF,CDR2,95.62666666666668,1.0
990,7ar0_B,OFr4,CDR2,95.13333333333334,1.0
994,7l6v_C,YS,CDR2,87.34875,1.7
995,7l6v_C,ESM,CDR2,83.25,1.0
996,7l6v_C,IF,CDR2,0.7062499999999999,1.2
997,7l6v_C,AF2,CDR2,91.945,1.5
998,7l6v_C,OF,CDR2,88.24625,1.3
999,7l6v_C,OFr4,CDR2,88.24625,1.3
1002,7qbg_E,YS,CDR2,82.83222222222223,2.4
1003,7qbg_E,ESM,CDR2,85.33333333333333,0.8
1004,7qbg_E,IF,CDR2,0.5533333333333332,2.8
1005,7qbg_E,AF2,CDR2,93.60111111111112,2.5
1006,7qbg_E,OF,CDR2,87.09444444444443,2.5
1007,7qbg_E,OFr4,CDR2,87.09444444444443,2.5
1011,7qbe_E,YS,CDR2,84.47333333333333,3.0
1012,7qbe_E,ESM,CDR2,80.22222222222223,2.7
1013,7qbe_E,IF,CDR2,0.9311111111111112,2.8
1014,7qbe_E,AF2,CDR2,87.51888888888888,2.7
1015,7qbe_E,OF,CDR2,81.82888888888888,2.3
1016,7qbe_E,OFr4,CDR2,80.50777777777778,2.2
1020,7t5f_B,YS,CDR2,71.28666666666666,1.8
1021,7t5f_B,ESM,CDR2,85.88888888888889,0.5
1022,7t5f_B,IF,CDR2,0.4511111111111112,0.4
1023,7t5f_B,AF2,CDR2,90.75111111111113,0.4
1024,7t5f_B,OF,CDR2,93.31777777777778,0.5
1025,7t5f_B,OFr4,CDR2,91.86111111111113,0.4
1029,7lzp_B,YS,CDR2,83.82777777777778,2.0
1030,7lzp_B,ESM,CDR2,73.55555555555556,2.2
1031,7lzp_B,IF,CDR2,1.2755555555555556,2.2
1032,7lzp_B,AF2,CDR2,84.44222222222223,2.2
1033,7lzp_B,OF,CDR2,77.82444444444444,2.1
1034,7lzp_B,OFr4,CDR2,83.45333333333335,2.1
1038,7na9_D,YS,CDR2,81.52777777777777,1.9
1039,7na9_D,ESM,CDR2,81.77777777777777,2.4
1040,7na9_D,IF,CDR2,0.5366666666666667,0.5
1041,7na9_D,AF2,CDR2,92.20666666666666,0.8
1042,7na9_D,OF,CDR2,92.31444444444446,0.9
1043,7na9_D,OFr4,CDR2,92.39444444444445,0.8
1047,7s2r_B,YS,CDR2,83.96583333333334,4.7
1048,7s2r_B,ESM,CDR2,77.33333333333333,4.4
1049,7s2r_B,IF,CDR2,1.4158333333333333,3.9
1050,7s2r_B,AF2,CDR2,82.11166666666666,4.6
1051,7s2r_B,OF,CDR2,84.29916666666666,5.0
1052,7s2r_B,OFr4,CDR2,84.29916666666666,5.0
1056,7b2p_D,YS,CDR2,85.00333333333334,1.1
1057,7b2p_D,ESM,CDR2,90.77777777777777,0.6
1058,7b2p_D,IF,CDR2,0.37333333333333335,0.6
1059,7b2p_D,AF2,CDR2,97.11777777777779,0.6
1060,7b2p_D,OF,CDR2,94.8722222222222,0.6
1061,7b2p_D,OFr4,CDR2,94.31333333333333,0.6
1064,7r74_B,YS,CDR2,80.21375,1.0
1065,7r74_B,ESM,CDR2,84.25,0.4
1066,7r74_B,IF,CDR2,0.6525000000000001,0.7
1067,7r74_B,AF2,CDR2,95.66875,0.7
1068,7r74_B,OF,CDR2,92.05875,0.8
1069,7r74_B,OFr4,CDR2,92.43375,0.9
1073,7p5y_G,YS,CDR2,86.38333333333331,2.0
1074,7p5y_G,ESM,CDR2,83.11111111111111,0.8
1075,7p5y_G,IF,CDR2,0.5333333333333333,1.9
1076,7p5y_G,AF2,CDR2,91.01444444444445,1.9
1077,7p5y_G,OF,CDR2,89.18222222222224,2.2
1078,7p5y_G,OFr4,CDR2,89.31333333333333,2.1
1081,7qiv_C,YS,CDR2,79.98777777777778,2.6
1082,7qiv_C,ESM,CDR2,86.0,0.7
1083,7qiv_C,IF,CDR2,0.7544444444444444,0.6
1084,7qiv_C,AF2,CDR2,92.57,0.8
1085,7qiv_C,OF,CDR2,91.0,0.6
1086,7qiv_C,OFr4,CDR2,91.0,0.6
1089,7r98_D,YS,CDR2,78.06555555555556,1.0
1090,7r98_D,ESM,CDR2,83.77777777777777,0.9
1091,7r98_D,IF,CDR2,0.6733333333333333,0.9
1092,7r98_D,AF2,CDR2,90.86999999999999,0.7
1093,7r98_D,OF,CDR2,89.99999999999999,0.5
1094,7r98_D,OFr4,CDR2,89.99999999999999,0.5
1098,7r20_B,YS,CDR2,82.8725,1.5
1099,7r20_B,ESM,CDR2,87.375,1.0
1100,7r20_B,IF,CDR2,0.7362500000000001,1.0
1101,7r20_B,AF2,CDR2,93.93249999999999,0.6
1102,7r20_B,OF,CDR2,89.185,0.5
1103,7r20_B,OFr4,CDR2,89.185,0.5
1106,7czd_A,YS,CDR2,87.33111111111111,1.3
1107,7czd_A,ESM,CDR2,91.66666666666667,0.4
1108,7czd_A,IF,CDR2,0.35000000000000003,0.6
1109,7czd_A,AF2,CDR2,97.58,0.4
1110,7czd_A,OF,CDR2,96.13444444444445,0.3
1111,7czd_A,OFr4,CDR2,95.22888888888889,0.3
1114,7tpr_F,YS,CDR2,86.8488888888889,2.6
1115,7tpr_F,ESM,CDR2,78.0,2.3
1116,7tpr_F,IF,CDR2,0.5966666666666667,2.4
1117,7tpr_F,AF2,CDR2,88.74444444444445,2.5
1118,7tpr_F,OF,CDR2,81.69444444444443,2.1
1119,7tpr_F,OFr4,CDR2,81.37555555555555,2.1
1122,7e53_B,YS,CDR2,87.32111111111111,0.9
1123,7e53_B,ESM,CDR2,84.33333333333333,0.6
1124,7e53_B,IF,CDR2,0.6922222222222223,1.6
1125,7e53_B,AF2,CDR2,88.07888888888887,0.5
1126,7e53_B,OF,CDR2,90.69777777777777,0.3
1127,7e53_B,OFr4,CDR2,90.69777777777777,0.3
1131,7f5g_B,YS,CDR2,85.67750000000001,1.6
1132,7f5g_B,ESM,CDR2,87.25,2.3
1133,7f5g_B,IF,CDR2,0.865,1.8
1134,7f5g_B,AF2,CDR2,94.10125,1.8
1135,7f5g_B,OF,CDR2,91.64375,1.7
1136,7f5g_B,OFr4,CDR2,91.45249999999999,1.7
1140,7zfb_M,YS,CDR2,78.65333333333332,1.2
1141,7zfb_M,ESM,CDR2,83.66666666666667,1.0
1142,7zfb_M,IF,CDR2,1.19,1.3
1143,7zfb_M,AF2,CDR2,82.86555555555556,2.2
1144,7zfb_M,OF,CDR2,82.4011111111111,0.5
1145,7zfb_M,OFr4,CDR2,83.56555555555556,0.6
1149,7ndf_C,YS,CDR2,80.655,1.6
1150,7ndf_C,ESM,CDR2,86.5,1.1
1151,7ndf_C,IF,CDR2,0.60625,0.8
1152,7ndf_C,AF2,CDR2,95.41125000000001,0.8
1153,7ndf_C,OF,CDR2,92.52499999999999,0.7
1154,7ndf_C,OFr4,CDR2,91.80624999999999,0.8
1158,7t5f_C,YS,CDR2,85.05250000000001,2.5
1159,7t5f_C,ESM,CDR2,84.5,1.4
1160,7t5f_C,IF,CDR2,0.605,1.8
1161,7t5f_C,AF2,CDR2,91.15499999999999,1.0
1162,7t5f_C,OF,CDR2,84.72625000000001,1.1
1163,7t5f_C,OFr4,CDR2,85.12,1.1
1167,7ngh_D,YS,CDR2,84.82777777777778,1.9
1168,7ngh_D,ESM,CDR2,87.44444444444444,0.9
1169,7ngh_D,IF,CDR2,0.68,1.9
1170,7ngh_D,AF2,CDR2,92.30777777777779,0.9
1171,7ngh_D,OF,CDR2,91.72555555555556,0.7
1172,7ngh_D,OFr4,CDR2,91.72555555555556,0.7
1176,7rnn_C,YS,CDR2,86.16333333333334,1.2
1177,7rnn_C,ESM,CDR2,86.11111111111111,1.5
1178,7rnn_C,IF,CDR2,0.38999999999999996,0.9
1179,7rnn_C,AF2,CDR2,96.53888888888889,1.4
1180,7rnn_C,OF,CDR2,87.44222222222221,1.2
1181,7rnn_C,OFr4,CDR2,89.47222222222223,1.3
1185,7z1a_E,YS,CDR2,76.12222222222222,2.0
1186,7z1a_E,ESM,CDR2,82.22222222222223,1.8
1187,7z1a_E,IF,CDR2,0.6122222222222222,0.5
1188,7z1a_E,AF2,CDR2,92.5411111111111,1.8
1189,7z1a_E,OF,CDR2,81.96000000000001,1.7
1190,7z1a_E,OFr4,CDR2,81.96000000000001,1.7
1193,7apj_B,YS,CDR2,88.53375,0.8
1194,7apj_B,ESM,CDR2,90.75,1.1
1195,7apj_B,IF,CDR2,0.615,0.8
1196,7apj_B,AF2,CDR2,95.69000000000001,1.0
1197,7apj_B,OF,CDR2,95.71499999999999,0.8
1198,7apj_B,OFr4,CDR2,95.71499999999999,0.8
1201,7lzp_G,YS,CDR2,87.63500000000002,1.0
1202,7lzp_G,ESM,CDR2,92.625,0.7
1203,7lzp_G,IF,CDR2,0.7424999999999999,0.5
1204,7lzp_G,AF2,CDR2,96.24249999999999,0.6
1205,7lzp_G,OF,CDR2,95.18499999999999,0.5
1206,7lzp_G,OFr4,CDR2,94.9075,0.6
1210,7nfq_C,YS,CDR2,78.93555555555555,1.5
1211,7nfq_C,ESM,CDR2,82.77777777777777,1.2
1212,7nfq_C,IF,CDR2,0.27,0.6
1213,7nfq_C,AF2,CDR2,94.73222222222222,0.3
1214,7nfq_C,OF,CDR2,94.34333333333332,0.3
1215,7nfq_C,OFr4,CDR2,92.79111111111112,0.3
1219,7ooi_A,YS,CDR2,86.00444444444446,1.2
1220,7ooi_A,ESM,CDR2,84.55555555555556,0.4
1221,7ooi_A,IF,CDR2,0.6188888888888889,0.7
1222,7ooi_A,AF2,CDR2,95.62666666666668,0.5
1223,7ooi_A,OF,CDR2,92.07000000000001,0.5
1224,7ooi_A,OFr4,CDR2,91.9388888888889,0.5
1227,7nqk_B,YS,CDR2,87.20444444444446,1.1
1228,7nqk_B,ESM,CDR2,86.22222222222223,0.7
1229,7nqk_B,IF,CDR2,0.5211111111111112,0.8
1230,7nqk_B,AF2,CDR2,93.29333333333332,0.8
1231,7nqk_B,OF,CDR2,94.24222222222221,0.8
1232,7nqk_B,OFr4,CDR2,93.50333333333334,0.7
1235,7djx_A,YS,CDR2,81.6711111111111,0.7
1236,7djx_A,ESM,CDR2,78.11111111111111,1.0
1237,7djx_A,IF,CDR2,0.8388888888888889,1.3
1238,7djx_A,AF2,CDR2,88.80111111111111,2.1
1239,7djx_A,OF,CDR2,83.3777777777778,2.4
1240,7djx_A,OFr4,CDR2,83.37111111111112,2.3
1243,7pqg_B,YS,CDR2,81.59,1.7
1244,7pqg_B,ESM,CDR2,84.88888888888889,1.9
1245,7pqg_B,IF,CDR2,0.7922222222222223,1.3
1246,7pqg_B,AF2,CDR2,89.39777777777778,1.8
1247,7pqg_B,OF,CDR2,81.68333333333334,1.8
1248,7pqg_B,OFr4,CDR2,81.68333333333334,1.8
1252,7djy_A,YS,CDR2,80.50444444444445,1.3
1253,7djy_A,ESM,CDR2,86.66666666666667,0.4
1254,7djy_A,IF,CDR2,0.5666666666666667,0.6
1255,7djy_A,AF2,CDR2,91.15666666666668,0.5
1256,7djy_A,OF,CDR2,95.60666666666664,0.3
1257,7djy_A,OFr4,CDR2,95.18666666666667,0.3
1260,7vfb_B,YS,CDR2,72.07333333333334,1.7
1261,7vfb_B,ESM,CDR2,83.22222222222223,0.6
1262,7vfb_B,IF,CDR2,0.8722222222222222,2.3
1263,7vfb_B,AF2,CDR2,89.19222222222221,0.4
1264,7vfb_B,OF,CDR2,84.46555555555555,0.4
1265,7vfb_B,OFr4,CDR2,84.19999999999999,0.4
1268,7r4r_D,YS,CDR2,88.78500000000001,1.2
1269,7r4r_D,ESM,CDR2,90.375,0.4
1270,7r4r_D,IF,CDR2,0.6975,0.5
1271,7r4r_D,AF2,CDR2,93.63375,0.4
1272,7r4r_D,OF,CDR2,91.825,0.5
1273,7r4r_D,OFr4,CDR2,91.37,0.3
1276,7r4q_D,YS,CDR2,83.7688888888889,0.7
1277,7r4q_D,ESM,CDR2,81.44444444444444,1.3
1278,7r4q_D,IF,CDR2,0.7344444444444443,0.5
1279,7r4q_D,AF2,CDR2,88.92444444444446,0.7
1280,7r4q_D,OF,CDR2,92.74333333333334,0.5
1281,7r4q_D,OFr4,CDR2,91.18777777777777,0.5
1284,7n9c_D,YS,CDR3,76.45941176470588,8.5
1285,7n9c_D,ESM,CDR3,55.705882352941174,4.1
1286,7n9c_D,IF,CDR3,1.2511764705882353,2.0
1287,7n9c_D,AF2,CDR3,72.58117647058825,4.0
1288,7n9c_D,OF,CDR3,71.71529411764705,2.4
1289,7n9c_D,OFr4,CDR3,71.71529411764705,2.4
1292,7d8b_B,YS,CDR3,58.77625,13.0
1293,7d8b_B,ESM,CDR3,52.375,8.7
1294,7d8b_B,IF,CDR3,3.28,16.1
1295,7d8b_B,AF2,CDR3,56.530833333333334,9.0
1296,7d8b_B,OF,CDR3,46.432500000000005,6.6
1297,7d8b_B,OFr4,CDR3,42.165,8.5
1301,7l6v_D,YS,CDR3,83.16555555555556,1.7
1302,7l6v_D,ESM,CDR3,78.77777777777777,0.5
1303,7l6v_D,IF,CDR3,1.768888888888889,1.9
1304,7l6v_D,AF2,CDR3,79.95222222222222,0.9
1305,7l6v_D,OF,CDR3,75.72888888888889,0.6
1306,7l6v_D,OFr4,CDR3,75.90444444444444,0.8
1310,7p5v_G,YS,CDR3,72.535,1.6
1311,7p5v_G,ESM,CDR3,92.33333333333333,0.5
1312,7p5v_G,IF,CDR3,0.8216666666666667,1.6
1313,7p5v_G,AF2,CDR3,95.95166666666667,0.4
1314,7p5v_G,OF,CDR3,96.01666666666665,0.6
1315,7p5v_G,OFr4,CDR3,95.8,0.5
1318,6zwk_A,YS,CDR3,61.31,7.8
1319,6zwk_A,ESM,CDR3,73.0,0.9
1320,6zwk_A,IF,CDR3,1.2668749999999998,1.9
1321,6zwk_A,AF2,CDR3,85.29125,0.7
1322,6zwk_A,OF,CDR3,79.408125,1.0
1323,6zwk_A,OFr4,CDR3,79.408125,1.0
1326,7ocy_C,YS,CDR3,75.56833333333333,3.8
1327,7ocy_C,ESM,CDR3,88.16666666666667,2.1
1328,7ocy_C,IF,CDR3,0.5850000000000001,2.2
1329,7ocy_C,AF2,CDR3,90.41166666666668,2.2
1330,7ocy_C,OF,CDR3,92.27666666666669,2.3
1331,7ocy_C,OFr4,CDR3,90.855,2.1
1335,7cz0_E,YS,CDR3,85.81166666666667,2.5
1336,7cz0_E,ESM,CDR3,89.83333333333333,0.7
1337,7cz0_E,IF,CDR3,1.0916666666666668,1.2
1338,7cz0_E,AF2,CDR3,94.68333333333334,0.6
1339,7cz0_E,OF,CDR3,94.64,1.2
1340,7cz0_E,OFr4,CDR3,93.46833333333332,0.9
1343,7oan_F,YS,CDR3,73.2725,3.1
1344,7oan_F,ESM,CDR3,86.33333333333333,2.1
1345,7oan_F,IF,CDR3,1.5625,2.4
1346,7oan_F,AF2,CDR3,79.38166666666667,1.7
1347,7oan_F,OF,CDR3,79.26333333333334,1.8
1348,7oan_F,OFr4,CDR3,79.26333333333334,1.8
1351,7m1h_F,YS,CDR3,78.255,6.3
1352,7m1h_F,ESM,CDR3,71.64285714285714,2.9
1353,7m1h_F,IF,CDR3,2.1078571428571427,3.2
1354,7m1h_F,AF2,CDR3,74.99000000000001,1.5
1355,7m1h_F,OF,CDR3,60.814285714285724,7.2
1356,7m1h_F,OFr4,CDR3,60.814285714285724,7.2
1360,7kd0_C,YS,CDR3,79.79333333333334,4.2
1361,7kd0_C,ESM,CDR3,83.0,1.1
1362,7kd0_C,IF,CDR3,2.002222222222222,5.1
1363,7kd0_C,AF2,CDR3,89.39777777777778,5.7
1364,7kd0_C,OF,CDR3,85.4011111111111,1.1
1365,7kd0_C,OFr4,CDR3,79.43666666666667,1.9
1368,7tpr_D,YS,CDR3,60.31105263157895,11.3
1369,7tpr_D,ESM,CDR3,57.8421052631579,13.5
1370,7tpr_D,IF,CDR3,1.7610526315789474,15.4
1371,7tpr_D,AF2,CDR3,69.31526315789472,14.8
1372,7tpr_D,OF,CDR3,63.02263157894736,14.5
1373,7tpr_D,OFr4,CDR3,63.02263157894736,14.5
1376,7z1b_E,YS,CDR3,69.21222222222222,4.7
1377,7z1b_E,ESM,CDR3,66.88888888888889,3.8
1378,7z1b_E,IF,CDR3,2.126111111111111,2.8
1379,7z1b_E,AF2,CDR3,74.45555555555555,3.0
1380,7z1b_E,OF,CDR3,72.89833333333334,4.2
1381,7z1b_E,OFr4,CDR3,66.42999999999999,3.8
1385,7nft_C,YS,CDR3,68.97692307692309,5.1
1386,7nft_C,ESM,CDR3,65.84615384615384,3.1
1387,7nft_C,IF,CDR3,1.9684615384615387,5.4
1388,7nft_C,AF2,CDR3,92.03846153846153,0.7
1389,7nft_C,OF,CDR3,92.42384615384616,0.6
1390,7nft_C,OFr4,CDR3,90.49846153846154,0.6
1394,7rby_B,YS,CDR3,69.00047619047619,3.1
1395,7rby_B,ESM,CDR3,63.857142857142854,5.1
1396,7rby_B,IF,CDR3,1.8661904761904762,3.1
1397,7rby_B,AF2,CDR3,69.75380952380952,3.4
1398,7rby_B,OF,CDR3,63.77285714285714,4.6
1399,7rby_B,OFr4,CDR3,62.44904761904761,4.6
1403,7d4b_B,YS,CDR3,67.863125,4.3
1404,7d4b_B,ESM,CDR3,58.125,7.2
1405,7d4b_B,IF,CDR3,1.51875,10.6
1406,7d4b_B,AF2,CDR3,68.81375,7.4
1407,7d4b_B,OF,CDR3,61.651875,7.2
1408,7d4b_B,OFr4,CDR3,59.22937499999999,7.2
1412,7e6u_B,YS,CDR3,70.4375,3.9
1413,7e6u_B,ESM,CDR3,74.8125,3.0
1414,7e6u_B,IF,CDR3,1.4674999999999998,3.7
1415,7e6u_B,AF2,CDR3,88.228125,1.7
1416,7e6u_B,OF,CDR3,77.439375,3.7
1417,7e6u_B,OFr4,CDR3,76.073125,3.3
1420,7p5w_G,YS,CDR3,77.9825,3.6
1421,7p5w_G,ESM,CDR3,58.833333333333336,6.8
1422,7p5w_G,IF,CDR3,2.2691666666666666,7.3
1423,7p5w_G,AF2,CDR3,65.23416666666667,6.5
1424,7p5w_G,OF,CDR3,65.64833333333333,6.2
1425,7p5w_G,OFr4,CDR3,63.169999999999995,5.1
1428,7vfa_D,YS,CDR3,70.764375,15.8
1429,7vfa_D,ESM,CDR3,80.875,3.1
1430,7vfa_D,IF,CDR3,1.29125,3.4
1431,7vfa_D,AF2,CDR3,85.341875,3.3
1432,7vfa_D,OF,CDR3,84.29625,3.0
1433,7vfa_D,OFr4,CDR3,83.59375,3.1
1437,7s7r_B,YS,CDR3,78.93249999999999,7.3
1438,7s7r_B,ESM,CDR3,78.41666666666667,8.2
1439,7s7r_B,IF,CDR3,1.4400000000000002,8.8
1440,7s7r_B,AF2,CDR3,70.9325,8.3
1441,7s7r_B,OF,CDR3,75.50666666666667,7.9
1442,7s7r_B,OFr4,CDR3,75.50666666666667,7.9
1445,7fau_B,YS,CDR3,81.05947368421053,3.3
1446,7fau_B,ESM,CDR3,74.84210526315789,3.9
1447,7fau_B,IF,CDR3,1.9242105263157896,3.7
1448,7fau_B,AF2,CDR3,81.6157894736842,3.7
1449,7fau_B,OF,CDR3,76.66157894736841,4.1
1450,7fau_B,OFr4,CDR3,76.07578947368421,3.9
1454,7nfr_B,YS,CDR3,67.66,5.4
1455,7nfr_B,ESM,CDR3,65.125,3.4
1456,7nfr_B,IF,CDR3,1.27875,3.3
1457,7nfr_B,AF2,CDR3,77.91625,3.9
1458,7nfr_B,OF,CDR3,72.43375,1.4
1459,7nfr_B,OFr4,CDR3,72.43375,1.4
1463,7lzp_C,YS,CDR3,79.82111111111112,1.4
1464,7lzp_C,ESM,CDR3,72.66666666666667,1.1
1465,7lzp_C,IF,CDR3,1.37,1.7
1466,7lzp_C,AF2,CDR3,76.65666666666667,1.2
1467,7lzp_C,OF,CDR3,73.82555555555557,1.1
1468,7lzp_C,OFr4,CDR3,73.82555555555557,1.1
1472,7r63_A,YS,CDR3,76.02199999999999,1.7
1473,7r63_A,ESM,CDR3,87.2,0.7
1474,7r63_A,IF,CDR3,1.3033333333333335,2.5
1475,7r63_A,AF2,CDR3,78.83066666666667,2.3
1476,7r63_A,OF,CDR3,87.87599999999999,0.5
1477,7r63_A,OFr4,CDR3,87.348,0.5
1480,7l6v_B,YS,CDR3,77.07499999999999,2.7
1481,7l6v_B,ESM,CDR3,82.125,2.3
1482,7l6v_B,IF,CDR3,1.385,2.1
1483,7l6v_B,AF2,CDR3,94.3,2.3
1484,7l6v_B,OF,CDR3,93.81625,2.3
1485,7l6v_B,OFr4,CDR3,93.7775,2.4
1489,7php_N,YS,CDR3,63.80285714285714,2.7
1490,7php_N,ESM,CDR3,63.57142857142857,5.4
1491,7php_N,IF,CDR3,2.462142857142857,3.2
1492,7php_N,AF2,CDR3,82.11642857142859,1.4
1493,7php_N,OF,CDR3,60.205714285714286,5.2
1494,7php_N,OFr4,CDR3,58.205,5.4
1498,7anq_B,YS,CDR3,69.48777777777778,8.1
1499,7anq_B,ESM,CDR3,57.44444444444444,5.9
1500,7anq_B,IF,CDR3,1.6938888888888886,2.7
1501,7anq_B,AF2,CDR3,79.87555555555555,2.1
1502,7anq_B,OF,CDR3,72.7188888888889,1.7
1503,7anq_B,OFr4,CDR3,66.94611111111111,2.2
1507,7m1h_E,YS,CDR3,82.48230769230769,3.8
1508,7m1h_E,ESM,CDR3,76.6923076923077,3.5
1509,7m1h_E,IF,CDR3,1.4507692307692308,5.3
1510,7m1h_E,AF2,CDR3,84.76615384615386,2.5
1511,7m1h_E,OF,CDR3,67.79153846153847,3.8
1512,7m1h_E,OFr4,CDR3,67.79153846153847,3.8
1516,7z1c_E,YS,CDR3,72.13944444444445,4.1
1517,7z1c_E,ESM,CDR3,69.38888888888889,3.8
1518,7z1c_E,IF,CDR3,1.8394444444444444,2.4
1519,7z1c_E,AF2,CDR3,75.11333333333333,3.4
1520,7z1c_E,OF,CDR3,65.99,3.4
1521,7z1c_E,OFr4,CDR3,64.79055555555556,3.8
1525,7olz_B,YS,CDR3,78.64333333333335,5.9
1526,7olz_B,ESM,CDR3,60.266666666666666,7.2
1527,7olz_B,IF,CDR3,1.4680000000000002,2.1
1528,7olz_B,AF2,CDR3,76.8,4.6
1529,7olz_B,OF,CDR3,86.28466666666667,0.6
1530,7olz_B,OFr4,CDR3,84.218,0.6
1534,7d6y_B,YS,CDR3,55.74333333333334,12.1
1535,7d6y_B,ESM,CDR3,51.875,8.9
1536,7d6y_B,IF,CDR3,3.2504166666666667,13.6
1537,7d6y_B,AF2,CDR3,49.321666666666665,8.6
1538,7d6y_B,OF,CDR3,45.48375000000001,5.7
1539,7d6y_B,OFr4,CDR3,46.63333333333333,5.4
1543,7r4i_D,YS,CDR3,81.11866666666667,1.9
1544,7r4i_D,ESM,CDR3,76.0,2.8
1545,7r4i_D,IF,CDR3,2.544,4.6
1546,7r4i_D,AF2,CDR3,86.81400000000001,1.9
1547,7r4i_D,OF,CDR3,74.64399999999999,2.1
1548,7r4i_D,OFr4,CDR3,72.934,2.1
1551,7fat_B,YS,CDR3,58.86375,7.6
1552,7fat_B,ESM,CDR3,63.25,3.9
1553,7fat_B,IF,CDR3,2.670833333333333,5.7
1554,7fat_B,AF2,CDR3,68.11333333333333,6.1
1555,7fat_B,OF,CDR3,58.35708333333334,6.1
1556,7fat_B,OFr4,CDR3,57.6475,6.1
1560,7sl9_B,YS,CDR3,87.25142857142858,6.2
1561,7sl9_B,ESM,CDR3,57.5,2.6
1562,7sl9_B,IF,CDR3,1.1978571428571427,8.1
1563,7sl9_B,AF2,CDR3,65.19142857142857,3.4
1564,7sl9_B,OF,CDR3,63.175000000000004,2.9
1565,7sl9_B,OFr4,CDR3,63.86214285714285,2.5
1569,7nqa_C,YS,CDR3,77.05933333333334,3.7
1570,7nqa_C,ESM,CDR3,79.66666666666667,1.3
1571,7nqa_C,IF,CDR3,2.203333333333333,4.8
1572,7nqa_C,AF2,CDR3,84.30133333333333,1.0
1573,7nqa_C,OF,CDR3,91.67066666666666,1.5
1574,7nqa_C,OFr4,CDR3,59.63333333333333,5.8
1577,7te8_A,YS,CDR3,79.7188888888889,1.9
1578,7te8_A,ESM,CDR3,67.55555555555556,4.8
1579,7te8_A,IF,CDR3,1.5633333333333335,2.6
1580,7te8_A,AF2,CDR3,72.83111111111111,3.4
1581,7te8_A,OF,CDR3,67.23444444444445,1.1
1582,7te8_A,OFr4,CDR3,68.1522222222222,1.2
1585,7o06_A,YS,CDR3,82.36214285714287,3.6
1586,7o06_A,ESM,CDR3,73.21428571428571,2.7
1587,7o06_A,IF,CDR3,2.0885714285714285,3.1
1588,7o06_A,AF2,CDR3,82.38571428571429,2.0
1589,7o06_A,OF,CDR3,75.56071428571428,2.3
1590,7o06_A,OFr4,CDR3,74.98214285714286,2.1
1594,7p6k_G,YS,CDR3,83.54666666666667,3.2
1595,7p6k_G,ESM,CDR3,87.83333333333333,1.3
1596,7p6k_G,IF,CDR3,1.4300000000000004,1.6
1597,7p6k_G,AF2,CDR3,85.59166666666665,1.1
1598,7p6k_G,OF,CDR3,89.67166666666667,1.0
1599,7p6k_G,OFr4,CDR3,88.13333333333333,0.9
1602,7omn_A,YS,CDR3,64.045625,7.3
1603,7omn_A,ESM,CDR3,56.5,7.7
1604,7omn_A,IF,CDR3,2.24625,7.5
1605,7omn_A,AF2,CDR3,66.21375,8.5
1606,7omn_A,OF,CDR3,57.939375,4.4
1607,7omn_A,OFr4,CDR3,55.805625,5.5
1610,7te8_C,YS,CDR3,76.7388888888889,1.6
1611,7te8_C,ESM,CDR3,63.44444444444444,3.2
1612,7te8_C,IF,CDR3,2.111111111111111,2.9
1613,7te8_C,AF2,CDR3,77.80666666666667,1.5
1614,7te8_C,OF,CDR3,59.15111111111111,2.5
1615,7te8_C,OFr4,CDR3,58.728888888888896,2.4
1618,7p60_G,YS,CDR3,65.108125,7.0
1619,7p60_G,ESM,CDR3,78.75,2.2
1620,7p60_G,IF,CDR3,1.5625,2.6
1621,7p60_G,AF2,CDR3,83.99625,2.3
1622,7p60_G,OF,CDR3,80.84,1.6
1623,7p60_G,OFr4,CDR3,85.654375,1.0
1626,7ar0_B,YS,CDR3,73.16941176470588,5.0
1627,7ar0_B,ESM,CDR3,79.23529411764706,0.9
1628,7ar0_B,IF,CDR3,1.2323529411764707,2.2
1629,7ar0_B,AF2,CDR3,87.17941176470589,0.7
1630,7ar0_B,OF,CDR3,91.98705882352941,1.6
1631,7ar0_B,OFr4,CDR3,90.2,1.6
1635,7l6v_C,YS,CDR3,85.50285714285714,1.3
1636,7l6v_C,ESM,CDR3,61.357142857142854,2.5
1637,7l6v_C,IF,CDR3,1.9485714285714284,2.9
1638,7l6v_C,AF2,CDR3,70.46,3.4
1639,7l6v_C,OF,CDR3,66.01857142857143,2.3
1640,7l6v_C,OFr4,CDR3,66.01857142857143,2.3
1643,7qbg_E,YS,CDR3,65.09125,3.9
1644,7qbg_E,ESM,CDR3,79.375,1.1
1645,7qbg_E,IF,CDR3,1.4775,3.1
1646,7qbg_E,AF2,CDR3,85.27375,1.6
1647,7qbg_E,OF,CDR3,75.299375,1.3
1648,7qbg_E,OFr4,CDR3,75.299375,1.3
1652,7qbe_E,YS,CDR3,77.23764705882353,6.2
1653,7qbe_E,ESM,CDR3,63.470588235294116,4.1
1654,7qbe_E,IF,CDR3,1.728235294117647,2.7
1655,7qbe_E,AF2,CDR3,77.07235294117648,4.6
1656,7qbe_E,OF,CDR3,83.75176470588235,1.3
1657,7qbe_E,OFr4,CDR3,83.04705882352943,1.2
1661,7t5f_B,YS,CDR3,57.070000000000014,5.1
1662,7t5f_B,ESM,CDR3,71.77777777777777,1.4
1663,7t5f_B,IF,CDR3,1.99,4.2
1664,7t5f_B,AF2,CDR3,82.15,3.3
1665,7t5f_B,OF,CDR3,93.55888888888889,0.8
1666,7t5f_B,OFr4,CDR3,90.38888888888889,0.8
1670,7lzp_B,YS,CDR3,72.1547619047619,10.7
1671,7lzp_B,ESM,CDR3,55.095238095238095,6.9
1672,7lzp_B,IF,CDR3,2.058095238095238,3.8
1673,7lzp_B,AF2,CDR3,66.48857142857143,5.8
1674,7lzp_B,OF,CDR3,64.6547619047619,5.0
1675,7lzp_B,OFr4,CDR3,59.44952380952381,4.9
1679,7na9_D,YS,CDR3,67.99300000000001,4.2
1680,7na9_D,ESM,CDR3,70.75,0.6
1681,7na9_D,IF,CDR3,1.6785,2.6
1682,7na9_D,AF2,CDR3,76.26950000000001,4.4
1683,7na9_D,OF,CDR3,81.16699999999999,1.3
1684,7na9_D,OFr4,CDR3,79.203,0.9
1688,7s2r_B,YS,CDR3,80.14238095238095,9.1
1689,7s2r_B,ESM,CDR3,59.80952380952381,4.0
1690,7s2r_B,IF,CDR3,2.3238095238095235,5.0
1691,7s2r_B,AF2,CDR3,59.64380952380952,1.9
1692,7s2r_B,OF,CDR3,59.911428571428566,4.2
1693,7s2r_B,OFr4,CDR3,59.911428571428566,4.2
1697,7b2p_D,YS,CDR3,75.4,8.0
1698,7b2p_D,ESM,CDR3,74.41666666666667,2.8
1699,7b2p_D,IF,CDR3,1.7891666666666666,5.9
1700,7b2p_D,AF2,CDR3,83.31,3.0
1701,7b2p_D,OF,CDR3,72.9775,2.9
1702,7b2p_D,OFr4,CDR3,74.6725,3.1
1705,7r74_B,YS,CDR3,77.26500000000001,3.3
1706,7r74_B,ESM,CDR3,72.3,1.4
1707,7r74_B,IF,CDR3,1.186,2.0
1708,7r74_B,AF2,CDR3,88.756,1.3
1709,7r74_B,OF,CDR3,73.864,2.5
1710,7r74_B,OFr4,CDR3,73.887,2.5
1714,7p5y_G,YS,CDR3,78.69999999999999,3.4
1715,7p5y_G,ESM,CDR3,61.333333333333336,6.1
1716,7p5y_G,IF,CDR3,1.906666666666667,6.4
1717,7p5y_G,AF2,CDR3,63.79749999999999,5.4
1718,7p5y_G,OF,CDR3,63.214999999999996,3.8
1719,7p5y_G,OFr4,CDR3,60.675000000000004,5.5
1722,7qiv_C,YS,CDR3,73.61,5.8
1723,7qiv_C,ESM,CDR3,66.14285714285714,2.7
1724,7qiv_C,IF,CDR3,1.1907142857142858,1.5
1725,7qiv_C,AF2,CDR3,75.12857142857142,2.5
1726,7qiv_C,OF,CDR3,73.63071428571428,1.6
1727,7qiv_C,OFr4,CDR3,73.63071428571428,1.6
1730,7r98_D,YS,CDR3,59.129411764705885,5.8
1731,7r98_D,ESM,CDR3,65.0,2.7
1732,7r98_D,IF,CDR3,1.8735294117647059,2.9
1733,7r98_D,AF2,CDR3,67.25647058823529,2.9
1734,7r98_D,OF,CDR3,62.5970588235294,3.1
1735,7r98_D,OFr4,CDR3,62.5970588235294,3.1
1739,7r20_B,YS,CDR3,83.164,11.9
1740,7r20_B,ESM,CDR3,75.1,9.8
1741,7r20_B,IF,CDR3,1.7790000000000004,8.8
1742,7r20_B,AF2,CDR3,75.38199999999999,9.5
1743,7r20_B,OF,CDR3,66.521,9.2
1744,7r20_B,OFr4,CDR3,66.521,9.2
1747,7czd_A,YS,CDR3,77.26499999999999,7.0
1748,7czd_A,ESM,CDR3,80.0,7.5
1749,7czd_A,IF,CDR3,1.9933333333333334,3.9
1750,7czd_A,AF2,CDR3,84.68833333333333,0.5
1751,7czd_A,OF,CDR3,84.32,0.7
1752,7czd_A,OFr4,CDR3,66.18166666666667,4.1
1755,7tpr_F,YS,CDR3,83.50692307692307,5.5
1756,7tpr_F,ESM,CDR3,62.23076923076923,4.3
1757,7tpr_F,IF,CDR3,1.9615384615384615,6.0
1758,7tpr_F,AF2,CDR3,72.38538461538461,4.5
1759,7tpr_F,OF,CDR3,68.95615384615385,4.3
1760,7tpr_F,OFr4,CDR3,65.20538461538462,4.5
1763,7e53_B,YS,CDR3,87.3721052631579,14.7
1764,7e53_B,ESM,CDR3,73.84210526315789,2.1
1765,7e53_B,IF,CDR3,1.7984210526315791,2.2
1766,7e53_B,AF2,CDR3,83.43052631578946,1.2
1767,7e53_B,OF,CDR3,85.67473684210526,1.7
1768,7e53_B,OFr4,CDR3,85.67473684210526,1.7
1772,7f5g_B,YS,CDR3,76.58666666666666,6.5
1773,7f5g_B,ESM,CDR3,78.11111111111111,7.5
1774,7f5g_B,IF,CDR3,1.5633333333333335,4.5
1775,7f5g_B,AF2,CDR3,78.54,5.5
1776,7f5g_B,OF,CDR3,89.08444444444444,1.4
1777,7f5g_B,OFr4,CDR3,87.30666666666667,1.5
1781,7zfb_M,YS,CDR3,63.856,6.4
1782,7zfb_M,ESM,CDR3,61.46666666666667,3.9
1783,7zfb_M,IF,CDR3,1.7526666666666666,3.8
1784,7zfb_M,AF2,CDR3,67.334,4.5
1785,7zfb_M,OF,CDR3,73.67666666666668,2.2
1786,7zfb_M,OFr4,CDR3,70.29733333333334,2.7
1790,7ndf_C,YS,CDR3,78.59333333333332,7.6
1791,7ndf_C,ESM,CDR3,76.0,0.3
1792,7ndf_C,IF,CDR3,0.6783333333333333,6.0
1793,7ndf_C,AF2,CDR3,78.41666666666667,5.1
1794,7ndf_C,OF,CDR3,75.28333333333333,5.1
1795,7ndf_C,OFr4,CDR3,73.46666666666667,5.1
1799,7t5f_C,YS,CDR3,82.39777777777778,2.2
1800,7t5f_C,ESM,CDR3,82.11111111111111,0.7
1801,7t5f_C,IF,CDR3,1.49,2.2
1802,7t5f_C,AF2,CDR3,90.0588888888889,0.8
1803,7t5f_C,OF,CDR3,81.67888888888889,0.8
1804,7t5f_C,OFr4,CDR3,75.21222222222224,3.6
1808,7ngh_D,YS,CDR3,80.755,3.6
1809,7ngh_D,ESM,CDR3,76.83333333333333,1.0
1810,7ngh_D,IF,CDR3,0.87,2.0
1811,7ngh_D,AF2,CDR3,81.64666666666666,1.1
1812,7ngh_D,OF,CDR3,80.68,0.9
1813,7ngh_D,OFr4,CDR3,80.68,0.9
1817,7rnn_C,YS,CDR3,85.59285714285716,5.4
1818,7rnn_C,ESM,CDR3,87.28571428571429,5.3
1819,7rnn_C,IF,CDR3,1.2114285714285715,4.2
1820,7rnn_C,AF2,CDR3,94.08,5.3
1821,7rnn_C,OF,CDR3,88.34857142857143,5.1
1822,7rnn_C,OFr4,CDR3,86.17714285714285,5.0
1826,7z1a_E,YS,CDR3,64.26722222222222,4.1
1827,7z1a_E,ESM,CDR3,70.94444444444444,3.3
1828,7z1a_E,IF,CDR3,1.7616666666666667,3.0
1829,7z1a_E,AF2,CDR3,82.08222222222223,3.5
1830,7z1a_E,OF,CDR3,74.08944444444445,3.3
1831,7z1a_E,OFr4,CDR3,74.08944444444445,3.3
1834,7apj_B,YS,CDR3,85.305,7.5
1835,7apj_B,ESM,CDR3,69.875,6.8
1836,7apj_B,IF,CDR3,0.6975,6.9
1837,7apj_B,AF2,CDR3,73.53,6.6
1838,7apj_B,OF,CDR3,71.5,6.3
1839,7apj_B,OFr4,CDR3,71.5,6.3
1842,7lzp_G,YS,CDR3,84.73666666666666,0.6
1843,7lzp_G,ESM,CDR3,91.66666666666667,0.4
1844,7lzp_G,IF,CDR3,0.89,1.0
1845,7lzp_G,AF2,CDR3,95.57333333333334,0.4
1846,7lzp_G,OF,CDR3,96.67999999999999,0.3
1847,7lzp_G,OFr4,CDR3,96.04,0.3
1851,7nfq_C,YS,CDR3,61.27375,3.2
1852,7nfq_C,ESM,CDR3,67.375,0.7
1853,7nfq_C,IF,CDR3,1.27125,3.9
1854,7nfq_C,AF2,CDR3,74.505,1.4
1855,7nfq_C,OF,CDR3,69.20500000000001,1.9
1856,7nfq_C,OFr4,CDR3,66.82374999999999,2.3
1860,7ooi_A,YS,CDR3,80.768125,4.3
1861,7ooi_A,ESM,CDR3,57.6875,7.6
1862,7ooi_A,IF,CDR3,2.1125,3.3
1863,7ooi_A,AF2,CDR3,66.10749999999999,2.6
1864,7ooi_A,OF,CDR3,61.972500000000004,7.7
1865,7ooi_A,OFr4,CDR3,62.167500000000004,7.9
1868,7nqk_B,YS,CDR3,82.92777777777779,9.5
1869,7nqk_B,ESM,CDR3,58.55555555555556,3.4
1870,7nqk_B,IF,CDR3,1.4055555555555554,3.8
1871,7nqk_B,AF2,CDR3,76.58555555555556,4.2
1872,7nqk_B,OF,CDR3,88.05888888888889,2.9
1873,7nqk_B,OFr4,CDR3,83.10944444444443,3.1
1876,7djx_A,YS,CDR3,65.055,4.9
1877,7djx_A,ESM,CDR3,63.5,4.5
1878,7djx_A,IF,CDR3,1.65875,4.7
1879,7djx_A,AF2,CDR3,69.758125,6.2
1880,7djx_A,OF,CDR3,61.0125,5.7
1881,7djx_A,OFr4,CDR3,61.321875,5.3
1884,7pqg_B,YS,CDR3,79.7005882352941,3.2
1885,7pqg_B,ESM,CDR3,73.23529411764706,2.2
1886,7pqg_B,IF,CDR3,1.4870588235294118,1.5
1887,7pqg_B,AF2,CDR3,82.12235294117647,1.2
1888,7pqg_B,OF,CDR3,76.5935294117647,3.6
1889,7pqg_B,OFr4,CDR3,76.5935294117647,3.6
1893,7djy_A,YS,CDR3,74.13214285714285,12.8
1894,7djy_A,ESM,CDR3,78.57142857142857,9.1
1895,7djy_A,IF,CDR3,2.3300000000000005,6.2
1896,7djy_A,AF2,CDR3,70.31142857142858,9.1
1897,7djy_A,OF,CDR3,94.99071428571429,0.3
1898,7djy_A,OFr4,CDR3,93.34857142857142,0.3
1901,7vfb_B,YS,CDR3,69.4342105263158,4.4
1902,7vfb_B,ESM,CDR3,67.42105263157895,3.4
1903,7vfb_B,IF,CDR3,1.7021052631578946,2.1
1904,7vfb_B,AF2,CDR3,80.32421052631578,3.3
1905,7vfb_B,OF,CDR3,72.2257894736842,3.2
1906,7vfb_B,OFr4,CDR3,71.12684210526315,3.1
1909,7r4r_D,YS,CDR3,78.93454545454546,4.5
1910,7r4r_D,ESM,CDR3,81.9090909090909,3.4
1911,7r4r_D,IF,CDR3,1.589090909090909,4.2
1912,7r4r_D,AF2,CDR3,86.26363636363637,3.3
1913,7r4r_D,OF,CDR3,79.66636363636363,2.9
1914,7r4r_D,OFr4,CDR3,76.07636363636364,2.8
1917,7r4q_D,YS,CDR3,87.1825,5.1
1918,7r4q_D,ESM,CDR3,77.83333333333333,4.3
1919,7r4q_D,IF,CDR3,2.0433333333333334,3.5
1920,7r4q_D,AF2,CDR3,82.92583333333333,4.8
1921,7r4q_D,OF,CDR3,69.98333333333333,4.2
1922,7r4q_D,OFr4,CDR3,68.56666666666666,4.0
1925,7n9c_D,YS,Fw,89.29590909090909,1.6
1926,7n9c_D,ESM,Fw,91.69318181818181,1.4
1927,7n9c_D,IF,Fw,0.34,1.3
1928,7n9c_D,AF2,Fw,96.41829545454547,1.4
1929,7n9c_D,OF,Fw,94.99261363636364,1.5
1930,7n9c_D,OFr4,Fw,94.99261363636364,1.5
1933,7d8b_B,YS,Fw,87.93909090909091,1.2
1934,7d8b_B,ESM,Fw,91.88636363636364,0.5
1935,7d8b_B,IF,Fw,0.2830681818181819,0.5
1936,7d8b_B,AF2,Fw,95.24420454545456,0.5
1937,7d8b_B,OF,Fw,94.11170454545454,0.5
1938,7d8b_B,OFr4,Fw,92.72352272727272,0.6
1942,7l6v_D,YS,Fw,89.96829545454544,1.2
1943,7l6v_D,ESM,Fw,92.625,0.5
1944,7l6v_D,IF,Fw,0.45875,0.8
1945,7l6v_D,AF2,Fw,95.96454545454547,0.5
1946,7l6v_D,OF,Fw,94.72715909090908,0.7
1947,7l6v_D,OFr4,Fw,94.32852272727273,0.7
1951,7p5v_G,YS,Fw,89.51965909090909,2.1
1952,7p5v_G,ESM,Fw,94.18181818181819,0.6
1953,7p5v_G,IF,Fw,0.41443181818181823,0.6
1954,7p5v_G,AF2,Fw,97.71420454545454,0.6
1955,7p5v_G,OF,Fw,97.80704545454546,0.7
1956,7p5v_G,OFr4,Fw,97.7775,0.7
1959,6zwk_A,YS,Fw,88.06170454545455,1.0
1960,6zwk_A,ESM,Fw,93.69318181818181,0.3
1961,6zwk_A,IF,Fw,0.30818181818181817,0.5
1962,6zwk_A,AF2,Fw,97.43363636363637,0.3
1963,6zwk_A,OF,Fw,96.89193181818183,0.3
1964,6zwk_A,OFr4,Fw,96.89193181818183,0.3
1967,7ocy_C,YS,Fw,86.91906976744187,1.2
1968,7ocy_C,ESM,Fw,93.94186046511628,0.7
1969,7ocy_C,IF,Fw,0.31604651162790703,0.8
1970,7ocy_C,AF2,Fw,97.73837209302326,0.7
1971,7ocy_C,OF,Fw,97.51686046511628,0.6
1972,7ocy_C,OFr4,Fw,97.5146511627907,0.6
1976,7cz0_E,YS,Fw,89.52261363636364,1.2
1977,7cz0_E,ESM,Fw,94.3409090909091,0.4
1978,7cz0_E,IF,Fw,0.3703409090909091,0.5
1979,7cz0_E,AF2,Fw,97.67352272727273,0.4
1980,7cz0_E,OF,Fw,97.91602272727273,0.4
1981,7cz0_E,OFr4,Fw,97.86818181818184,0.4
1984,7oan_F,YS,Fw,89.19215909090909,1.1
1985,7oan_F,ESM,Fw,94.52272727272727,0.7
1986,7oan_F,IF,Fw,0.43159090909090914,0.7
1987,7oan_F,AF2,Fw,96.82556818181818,0.7
1988,7oan_F,OF,Fw,95.73738636363636,0.7
1989,7oan_F,OFr4,Fw,95.73738636363636,0.7
1992,7m1h_F,YS,Fw,86.9367816091954,1.1
1993,7m1h_F,ESM,Fw,92.83908045977012,0.8
1994,7m1h_F,IF,Fw,0.2936781609195403,0.7
1995,7m1h_F,AF2,Fw,96.18793103448274,0.8
1996,7m1h_F,OF,Fw,95.48850574712644,0.7
1997,7m1h_F,OFr4,Fw,95.48850574712644,0.7
2001,7kd0_C,YS,Fw,88.70057471264369,2.1
2002,7kd0_C,ESM,Fw,93.71264367816092,0.4
2003,7kd0_C,IF,Fw,0.36505747126436777,0.4
2004,7kd0_C,AF2,Fw,97.60816091954023,0.4
2005,7kd0_C,OF,Fw,97.27816091954024,0.4
2006,7kd0_C,OFr4,Fw,97.36103448275863,0.4
2009,7tpr_D,YS,Fw,88.02125,1.0
2010,7tpr_D,ESM,Fw,92.3409090909091,0.7
2011,7tpr_D,IF,Fw,0.4270454545454545,0.8
2012,7tpr_D,AF2,Fw,96.64386363636363,0.8
2013,7tpr_D,OF,Fw,94.48,0.7
2014,7tpr_D,OFr4,Fw,94.48,0.7
2017,7z1b_E,YS,Fw,89.21193181818181,1.0
2018,7z1b_E,ESM,Fw,91.42045454545455,0.4
2019,7z1b_E,IF,Fw,0.3613483146067416,0.6
2020,7z1b_E,AF2,Fw,96.27125,0.4
2021,7z1b_E,OF,Fw,95.45397727272729,0.5
2022,7z1b_E,OFr4,Fw,95.13625,0.5
2026,7nft_C,YS,Fw,89.93620689655174,1.1
2027,7nft_C,ESM,Fw,91.7816091954023,0.7
2028,7nft_C,IF,Fw,0.35597701149425287,0.5
2029,7nft_C,AF2,Fw,97.03264367816092,0.5
2030,7nft_C,OF,Fw,96.67057471264368,0.4
2031,7nft_C,OFr4,Fw,96.34252873563217,0.4
2035,7rby_B,YS,Fw,89.08318181818181,1.0
2036,7rby_B,ESM,Fw,92.51136363636364,0.6
2037,7rby_B,IF,Fw,0.3117045454545455,0.6
2038,7rby_B,AF2,Fw,96.78465909090909,0.7
2039,7rby_B,OF,Fw,89.73488636363635,0.7
2040,7rby_B,OFr4,Fw,89.50500000000001,0.7
2044,7d4b_B,YS,Fw,89.7225,0.9
2045,7d4b_B,ESM,Fw,91.01136363636364,0.5
2046,7d4b_B,IF,Fw,0.2913636363636364,0.6
2047,7d4b_B,AF2,Fw,96.40693181818182,0.5
2048,7d4b_B,OF,Fw,94.89261363636363,0.5
2049,7d4b_B,OFr4,Fw,94.11829545454545,0.5
2053,7e6u_B,YS,Fw,86.99602272727272,2.4
2054,7e6u_B,ESM,Fw,92.9659090909091,1.3
2055,7e6u_B,IF,Fw,0.2964772727272727,1.4
2056,7e6u_B,AF2,Fw,97.20147727272727,1.4
2057,7e6u_B,OF,Fw,95.94988636363637,1.4
2058,7e6u_B,OFr4,Fw,95.48556818181818,1.3
2061,7p5w_G,YS,Fw,90.52636363636363,1.0
2062,7p5w_G,ESM,Fw,93.1590909090909,0.7
2063,7p5w_G,IF,Fw,0.3377272727272727,0.7
2064,7p5w_G,AF2,Fw,97.1721590909091,0.7
2065,7p5w_G,OF,Fw,97.28693181818181,0.8
2066,7p5w_G,OFr4,Fw,96.78818181818183,0.7
2069,7vfa_D,YS,Fw,89.85941860465117,0.9
2070,7vfa_D,ESM,Fw,93.81395348837209,0.4
2071,7vfa_D,IF,Fw,0.3127906976744186,0.6
2072,7vfa_D,AF2,Fw,97.51441860465115,0.4
2073,7vfa_D,OF,Fw,96.47465116279069,0.3
2074,7vfa_D,OFr4,Fw,96.38627906976745,0.3
2078,7s7r_B,YS,Fw,90.1474117647059,1.9
2079,7s7r_B,ESM,Fw,93.34117647058824,0.7
2080,7s7r_B,IF,Fw,0.3028235294117647,0.7
2081,7s7r_B,AF2,Fw,96.3135294117647,0.7
2082,7s7r_B,OF,Fw,94.86964705882353,0.7
2083,7s7r_B,OFr4,Fw,94.86964705882353,0.7
2086,7fau_B,YS,Fw,89.62896551724137,1.1
2087,7fau_B,ESM,Fw,93.9080459770115,0.5
2088,7fau_B,IF,Fw,0.31597701149425284,0.7
2089,7fau_B,AF2,Fw,96.7432183908046,0.4
2090,7fau_B,OF,Fw,95.33218390804599,0.5
2091,7fau_B,OFr4,Fw,94.84482758620689,0.6
2095,7nfr_B,YS,Fw,87.51329545454546,2.2
2096,7nfr_B,ESM,Fw,92.77272727272727,0.4
2097,7nfr_B,IF,Fw,0.29579545454545453,0.3
2098,7nfr_B,AF2,Fw,96.60511363636364,0.4
2099,7nfr_B,OF,Fw,96.82988636363635,0.3
2100,7nfr_B,OFr4,Fw,96.82988636363635,0.3
2104,7lzp_C,YS,Fw,89.90852272727274,1.3
2105,7lzp_C,ESM,Fw,92.54545454545455,0.8
2106,7lzp_C,IF,Fw,0.4377272727272727,0.8
2107,7lzp_C,AF2,Fw,96.2278409090909,0.7
2108,7lzp_C,OF,Fw,96.09511363636362,0.7
2109,7lzp_C,OFr4,Fw,96.09511363636362,0.7
2113,7r63_A,YS,Fw,90.76272727272728,0.9
2114,7r63_A,ESM,Fw,92.63636363636364,0.6
2115,7r63_A,IF,Fw,0.36363636363636365,0.6
2116,7r63_A,AF2,Fw,95.71227272727273,0.5
2117,7r63_A,OF,Fw,95.68863636363636,0.4
2118,7r63_A,OFr4,Fw,95.06920454545455,0.4
2121,7l6v_B,YS,Fw,88.6032183908046,1.0
2122,7l6v_B,ESM,Fw,92.41379310344827,0.5
2123,7l6v_B,IF,Fw,0.367816091954023,0.5
2124,7l6v_B,AF2,Fw,97.64942528735632,0.5
2125,7l6v_B,OF,Fw,97.41103448275862,0.5
2126,7l6v_B,OFr4,Fw,97.40896551724138,0.5
2130,7php_N,YS,Fw,86.96409090909091,1.6
2131,7php_N,ESM,Fw,94.1590909090909,1.3
2132,7php_N,IF,Fw,0.3569318181818182,1.3
2133,7php_N,AF2,Fw,97.28602272727272,1.2
2134,7php_N,OF,Fw,95.31545454545453,1.3
2135,7php_N,OFr4,Fw,94.31613636363636,1.3
2139,7anq_B,YS,Fw,89.34772727272727,0.9
2140,7anq_B,ESM,Fw,90.67045454545455,0.5
2141,7anq_B,IF,Fw,0.42454545454545456,0.6
2142,7anq_B,AF2,Fw,95.03454545454544,0.6
2143,7anq_B,OF,Fw,93.91943181818179,0.5
2144,7anq_B,OFr4,Fw,93.13102272727271,0.5
2148,7m1h_E,YS,Fw,89.61704545454546,1.1
2149,7m1h_E,ESM,Fw,93.36363636363636,0.8
2150,7m1h_E,IF,Fw,0.4690909090909091,0.8
2151,7m1h_E,AF2,Fw,96.36340909090909,0.7
2152,7m1h_E,OF,Fw,95.81443181818182,0.8
2153,7m1h_E,OFr4,Fw,95.81443181818182,0.8
2157,7z1c_E,YS,Fw,89.26977272727272,1.1
2158,7z1c_E,ESM,Fw,92.31818181818181,0.7
2159,7z1c_E,IF,Fw,0.30556818181818185,0.6
2160,7z1c_E,AF2,Fw,96.34647727272727,0.7
2161,7z1c_E,OF,Fw,94.76306818181818,0.5
2162,7z1c_E,OFr4,Fw,94.72545454545455,0.6
2166,7olz_B,YS,Fw,85.54988636363636,1.5
2167,7olz_B,ESM,Fw,92.51136363636364,0.5
2168,7olz_B,IF,Fw,0.3763636363636364,0.4
2169,7olz_B,AF2,Fw,96.43863636363635,0.6
2170,7olz_B,OF,Fw,96.12852272727274,0.5
2171,7olz_B,OFr4,Fw,95.91784090909091,0.5
2175,7d6y_B,YS,Fw,87.44818181818181,1.1
2176,7d6y_B,ESM,Fw,91.68181818181819,0.6
2177,7d6y_B,IF,Fw,0.2740909090909091,0.7
2178,7d6y_B,AF2,Fw,95.30749999999999,0.5
2179,7d6y_B,OF,Fw,94.09295454545455,0.5
2180,7d6y_B,OFr4,Fw,93.77636363636363,0.5
2184,7r4i_D,YS,Fw,86.97227272727272,1.3
2185,7r4i_D,ESM,Fw,91.0,0.9
2186,7r4i_D,IF,Fw,0.5501136363636364,0.9
2187,7r4i_D,AF2,Fw,95.95386363636364,0.9
2188,7r4i_D,OF,Fw,94.29056818181817,0.9
2189,7r4i_D,OFr4,Fw,93.55897727272726,0.9
2192,7fat_B,YS,Fw,86.47227272727274,1.1
2193,7fat_B,ESM,Fw,91.9659090909091,0.6
2194,7fat_B,IF,Fw,0.2653409090909091,0.8
2195,7fat_B,AF2,Fw,95.54443181818182,0.6
2196,7fat_B,OF,Fw,91.6125,0.6
2197,7fat_B,OFr4,Fw,90.56227272727273,0.5
2201,7sl9_B,YS,Fw,89.51375,2.0
2202,7sl9_B,ESM,Fw,91.81818181818181,1.1
2203,7sl9_B,IF,Fw,0.3635227272727273,1.0
2204,7sl9_B,AF2,Fw,96.63659090909091,1.0
2205,7sl9_B,OF,Fw,96.00795454545455,1.0
2206,7sl9_B,OFr4,Fw,95.70886363636365,0.9
2210,7nqa_C,YS,Fw,89.93397727272728,1.4
2211,7nqa_C,ESM,Fw,94.23863636363636,0.5
2212,7nqa_C,IF,Fw,0.3613636363636364,0.7
2213,7nqa_C,AF2,Fw,97.48647727272727,0.6
2214,7nqa_C,OF,Fw,97.50045454545456,0.5
2215,7nqa_C,OFr4,Fw,96.07511363636364,0.5
2218,7te8_A,YS,Fw,86.64090909090909,1.2
2219,7te8_A,ESM,Fw,91.80681818181819,1.0
2220,7te8_A,IF,Fw,0.5509090909090909,0.9
2221,7te8_A,AF2,Fw,95.09454545454545,1.0
2222,7te8_A,OF,Fw,92.04886363636363,1.0
2223,7te8_A,OFr4,Fw,91.24590909090908,0.9
2226,7o06_A,YS,Fw,87.7853409090909,2.1
2227,7o06_A,ESM,Fw,92.67045454545455,0.4
2228,7o06_A,IF,Fw,0.4027272727272727,0.5
2229,7o06_A,AF2,Fw,96.84045454545453,0.6
2230,7o06_A,OF,Fw,95.34375,0.4
2231,7o06_A,OFr4,Fw,93.60829545454544,0.4
2235,7p6k_G,YS,Fw,89.27522727272728,2.2
2236,7p6k_G,ESM,Fw,94.69318181818181,0.9
2237,7p6k_G,IF,Fw,0.3311363636363636,1.0
2238,7p6k_G,AF2,Fw,97.14227272727273,0.9
2239,7p6k_G,OF,Fw,97.04636363636364,1.0
2240,7p6k_G,OFr4,Fw,97.05829545454547,1.0
2243,7omn_A,YS,Fw,89.87829545454545,1.0
2244,7omn_A,ESM,Fw,92.67045454545455,0.7
2245,7omn_A,IF,Fw,0.2938636363636364,0.8
2246,7omn_A,AF2,Fw,96.58193181818181,0.6
2247,7omn_A,OF,Fw,94.01079545454546,0.7
2248,7omn_A,OFr4,Fw,93.26875,0.7
2251,7te8_C,YS,Fw,89.55147727272727,2.0
2252,7te8_C,ESM,Fw,92.29545454545455,0.8
2253,7te8_C,IF,Fw,0.5111363636363637,0.7
2254,7te8_C,AF2,Fw,94.78727272727274,0.7
2255,7te8_C,OF,Fw,92.19488636363636,0.6
2256,7te8_C,OFr4,Fw,90.87147727272728,0.6
2259,7p60_G,YS,Fw,89.08488636363637,1.1
2260,7p60_G,ESM,Fw,93.4090909090909,0.7
2261,7p60_G,IF,Fw,0.3330681818181818,0.8
2262,7p60_G,AF2,Fw,96.1128409090909,0.7
2263,7p60_G,OF,Fw,96.53988636363637,0.7
2264,7p60_G,OFr4,Fw,96.21954545454547,0.7
2267,7ar0_B,YS,Fw,88.6944827586207,2.0
2268,7ar0_B,ESM,Fw,93.25287356321839,0.4
2269,7ar0_B,IF,Fw,0.34505747126436787,0.5
2270,7ar0_B,AF2,Fw,96.66310344827586,0.4
2271,7ar0_B,OF,Fw,96.91850574712643,0.4
2272,7ar0_B,OFr4,Fw,96.6880459770115,0.4
2276,7l6v_C,YS,Fw,90.07784090909091,1.4
2277,7l6v_C,ESM,Fw,89.70454545454545,1.1
2278,7l6v_C,IF,Fw,0.4729545454545454,1.2
2279,7l6v_C,AF2,Fw,95.27625000000002,1.3
2280,7l6v_C,OF,Fw,94.8496590909091,1.2
2281,7l6v_C,OFr4,Fw,94.8496590909091,1.2
2284,7qbg_E,YS,Fw,88.7290804597701,1.0
2285,7qbg_E,ESM,Fw,93.70114942528735,0.7
2286,7qbg_E,IF,Fw,0.28758620689655173,0.8
2287,7qbg_E,AF2,Fw,97.50149425287356,0.8
2288,7qbg_E,OF,Fw,95.55241379310344,0.8
2289,7qbg_E,OFr4,Fw,95.55241379310344,0.8
2293,7qbe_E,YS,Fw,90.71528735632184,1.1
2294,7qbe_E,ESM,Fw,92.55172413793103,0.7
2295,7qbe_E,IF,Fw,0.30977011494252876,0.7
2296,7qbe_E,AF2,Fw,96.303908045977,0.6
2297,7qbe_E,OF,Fw,96.11666666666666,0.6
2298,7qbe_E,OFr4,Fw,95.53114942528735,0.6
2302,7t5f_B,YS,Fw,79.72356321839081,1.4
2303,7t5f_B,ESM,Fw,92.83908045977012,0.6
2304,7t5f_B,IF,Fw,0.2722988505747127,0.5
2305,7t5f_B,AF2,Fw,96.25551724137932,0.6
2306,7t5f_B,OF,Fw,97.07091954022988,0.6
2307,7t5f_B,OFr4,Fw,96.53275862068966,0.6
2311,7lzp_B,YS,Fw,90.48609195402298,1.0
2312,7lzp_B,ESM,Fw,90.58620689655173,1.0
2313,7lzp_B,IF,Fw,0.4483908045977012,0.8
2314,7lzp_B,AF2,Fw,95.04241379310344,0.8
2315,7lzp_B,OF,Fw,94.96459770114943,0.9
2316,7lzp_B,OFr4,Fw,94.37862068965515,0.9
2320,7na9_D,YS,Fw,90.22818181818182,1.1
2321,7na9_D,ESM,Fw,92.07954545454545,0.5
2322,7na9_D,IF,Fw,0.3285227272727273,0.6
2323,7na9_D,AF2,Fw,96.0593181818182,0.6
2324,7na9_D,OF,Fw,95.65420454545455,0.6
2325,7na9_D,OFr4,Fw,95.61431818181819,0.7
2329,7s2r_B,YS,Fw,90.48443181818182,2.1
2330,7s2r_B,ESM,Fw,90.0,0.7
2331,7s2r_B,IF,Fw,0.3043181818181818,0.8
2332,7s2r_B,AF2,Fw,94.36693181818183,0.7
2333,7s2r_B,OF,Fw,95.41034090909092,0.6
2334,7s2r_B,OFr4,Fw,95.41034090909092,0.6
2338,7b2p_D,YS,Fw,90.6316091954023,1.0
2339,7b2p_D,ESM,Fw,94.03448275862068,0.7
2340,7b2p_D,IF,Fw,0.2418390804597701,0.8
2341,7b2p_D,AF2,Fw,97.49965517241381,0.8
2342,7b2p_D,OF,Fw,96.08781609195401,0.7
2343,7b2p_D,OFr4,Fw,95.24563218390806,0.7
2346,7r74_B,YS,Fw,88.06056818181818,2.2
2347,7r74_B,ESM,Fw,92.2840909090909,0.5
2348,7r74_B,IF,Fw,0.45477272727272733,0.6
2349,7r74_B,AF2,Fw,96.70556818181818,0.6
2350,7r74_B,OF,Fw,95.77704545454544,0.7
2351,7r74_B,OFr4,Fw,95.62170454545453,0.7
2355,7p5y_G,YS,Fw,90.21727272727273,2.2
2356,7p5y_G,ESM,Fw,93.57954545454545,0.7
2357,7p5y_G,IF,Fw,0.3660227272727273,0.8
2358,7p5y_G,AF2,Fw,97.15693181818183,0.7
2359,7p5y_G,OF,Fw,96.82227272727273,0.8
2360,7p5y_G,OFr4,Fw,96.18249999999999,0.8
2363,7qiv_C,YS,Fw,90.52602272727273,0.9
2364,7qiv_C,ESM,Fw,92.04545454545455,0.8
2365,7qiv_C,IF,Fw,0.4684090909090909,0.6
2366,7qiv_C,AF2,Fw,96.2115909090909,0.7
2367,7qiv_C,OF,Fw,95.69931818181819,0.7
2368,7qiv_C,OFr4,Fw,95.69931818181819,0.7
2371,7r98_D,YS,Fw,84.92420454545454,2.2
2372,7r98_D,ESM,Fw,91.20454545454545,1.3
2373,7r98_D,IF,Fw,0.4487499999999999,1.2
2374,7r98_D,AF2,Fw,95.3928409090909,1.3
2375,7r98_D,OF,Fw,93.30681818181819,1.3
2376,7r98_D,OFr4,Fw,93.30681818181819,1.3
2380,7r20_B,YS,Fw,89.11272727272727,1.7
2381,7r20_B,ESM,Fw,92.38636363636364,1.2
2382,7r20_B,IF,Fw,0.4013636363636363,1.2
2383,7r20_B,AF2,Fw,96.1221590909091,1.2
2384,7r20_B,OF,Fw,92.8878409090909,1.3
2385,7r20_B,OFr4,Fw,92.8878409090909,1.3
2388,7czd_A,YS,Fw,89.87272727272727,1.1
2389,7czd_A,ESM,Fw,93.68181818181819,0.4
2390,7czd_A,IF,Fw,0.28204545454545454,0.6
2391,7czd_A,AF2,Fw,96.86034090909092,0.4
2392,7czd_A,OF,Fw,96.13306818181817,0.3
2393,7czd_A,OFr4,Fw,95.45170454545455,0.4
2396,7tpr_F,YS,Fw,88.7759090909091,2.1
2397,7tpr_F,ESM,Fw,92.02272727272727,0.7
2398,7tpr_F,IF,Fw,0.3551136363636364,0.6
2399,7tpr_F,AF2,Fw,95.86,0.7
2400,7tpr_F,OF,Fw,95.11920454545454,0.6
2401,7tpr_F,OFr4,Fw,94.69738636363635,0.6
2404,7e53_B,YS,Fw,89.62597701149424,1.5
2405,7e53_B,ESM,Fw,91.26436781609195,0.7
2406,7e53_B,IF,Fw,0.3274712643678161,1.2
2407,7e53_B,AF2,Fw,95.11,0.7
2408,7e53_B,OF,Fw,95.38356321839079,0.7
2409,7e53_B,OFr4,Fw,95.38356321839079,0.7
2413,7f5g_B,YS,Fw,89.61352272727272,2.3
2414,7f5g_B,ESM,Fw,92.30681818181819,1.1
2415,7f5g_B,IF,Fw,0.46545454545454545,1.1
2416,7f5g_B,AF2,Fw,96.2946590909091,1.0
2417,7f5g_B,OF,Fw,94.94556818181817,0.8
2418,7f5g_B,OFr4,Fw,94.85375,0.8
2422,7zfb_M,YS,Fw,84.19215909090909,1.7
2423,7zfb_M,ESM,Fw,91.05681818181819,0.6
2424,7zfb_M,IF,Fw,0.36625,0.6
2425,7zfb_M,AF2,Fw,94.77556818181819,0.6
2426,7zfb_M,OF,Fw,93.92022727272727,0.5
2427,7zfb_M,OFr4,Fw,93.50670454545455,0.5
2431,7ndf_C,YS,Fw,87.99908045977011,1.2
2432,7ndf_C,ESM,Fw,91.71264367816092,0.4
2433,7ndf_C,IF,Fw,0.4237931034482758,0.4
2434,7ndf_C,AF2,Fw,96.82321839080458,0.4
2435,7ndf_C,OF,Fw,95.94379310344829,0.4
2436,7ndf_C,OFr4,Fw,95.39103448275863,0.4
2440,7t5f_C,YS,Fw,89.92747126436782,1.1
2441,7t5f_C,ESM,Fw,92.49425287356321,0.6
2442,7t5f_C,IF,Fw,0.37172413793103454,0.6
2443,7t5f_C,AF2,Fw,96.10885057471263,0.6
2444,7t5f_C,OF,Fw,95.31344827586207,0.6
2445,7t5f_C,OFr4,Fw,94.96816091954022,0.6
2449,7ngh_D,YS,Fw,89.67375000000001,1.0
2450,7ngh_D,ESM,Fw,93.875,0.6
2451,7ngh_D,IF,Fw,0.3195454545454546,0.7
2452,7ngh_D,AF2,Fw,97.15454545454544,0.6
2453,7ngh_D,OF,Fw,96.8840909090909,0.6
2454,7ngh_D,OFr4,Fw,96.8840909090909,0.6
2458,7rnn_C,YS,Fw,88.99681818181818,2.2
2459,7rnn_C,ESM,Fw,93.8409090909091,0.9
2460,7rnn_C,IF,Fw,0.32181818181818184,0.9
2461,7rnn_C,AF2,Fw,97.6309090909091,0.9
2462,7rnn_C,OF,Fw,96.52590909090908,0.9
2463,7rnn_C,OFr4,Fw,96.21,0.9
2467,7z1a_E,YS,Fw,86.11113636363636,1.9
2468,7z1a_E,ESM,Fw,92.57954545454545,0.5
2469,7z1a_E,IF,Fw,0.3023863636363637,0.6
2470,7z1a_E,AF2,Fw,96.94113636363636,0.5
2471,7z1a_E,OF,Fw,95.89397727272726,0.5
2472,7z1a_E,OFr4,Fw,95.89397727272726,0.5
2475,7apj_B,YS,Fw,89.6118604651163,2.0
2476,7apj_B,ESM,Fw,94.22093023255815,0.5
2477,7apj_B,IF,Fw,0.38116279069767434,0.6
2478,7apj_B,AF2,Fw,97.41732558139535,0.5
2479,7apj_B,OF,Fw,97.32000000000001,0.5
2480,7apj_B,OFr4,Fw,97.32000000000001,0.5
2483,7lzp_G,YS,Fw,89.48795454545454,1.3
2484,7lzp_G,ESM,Fw,92.67045454545455,1.0
2485,7lzp_G,IF,Fw,0.48579545454545453,1.1
2486,7lzp_G,AF2,Fw,96.62295454545455,0.8
2487,7lzp_G,OF,Fw,96.42431818181818,0.7
2488,7lzp_G,OFr4,Fw,95.88647727272728,0.8
2492,7nfq_C,YS,Fw,84.23829545454545,2.2
2493,7nfq_C,ESM,Fw,92.80681818181819,0.4
2494,7nfq_C,IF,Fw,0.23613636363636364,0.4
2495,7nfq_C,AF2,Fw,96.6253409090909,0.4
2496,7nfq_C,OF,Fw,96.19386363636363,0.5
2497,7nfq_C,OFr4,Fw,96.34124999999999,0.3
2501,7ooi_A,YS,Fw,89.13693181818182,2.2
2502,7ooi_A,ESM,Fw,91.7840909090909,0.9
2503,7ooi_A,IF,Fw,0.28875000000000006,0.9
2504,7ooi_A,AF2,Fw,96.67761363636365,1.0
2505,7ooi_A,OF,Fw,95.6440909090909,0.9
2506,7ooi_A,OFr4,Fw,95.6618181818182,0.9
2509,7nqk_B,YS,Fw,89.62011764705883,2.7
2510,7nqk_B,ESM,Fw,91.49411764705883,1.5
2511,7nqk_B,IF,Fw,0.3467058823529412,1.5
2512,7nqk_B,AF2,Fw,96.58682352941177,1.5
2513,7nqk_B,OF,Fw,96.094,1.5
2514,7nqk_B,OFr4,Fw,95.96023529411765,1.5
2517,7djx_A,YS,Fw,87.6328409090909,1.8
2518,7djx_A,ESM,Fw,91.72727272727273,0.6
2519,7djx_A,IF,Fw,0.46409090909090905,0.7
2520,7djx_A,AF2,Fw,96.25965909090907,0.5
2521,7djx_A,OF,Fw,94.07636363636362,0.6
2522,7djx_A,OFr4,Fw,93.7903409090909,0.6
2525,7pqg_B,YS,Fw,90.28011494252874,1.3
2526,7pqg_B,ESM,Fw,92.39080459770115,1.2
2527,7pqg_B,IF,Fw,0.5195402298850575,1.2
2528,7pqg_B,AF2,Fw,96.05045977011494,1.2
2529,7pqg_B,OF,Fw,93.99793103448276,1.1
2530,7pqg_B,OFr4,Fw,93.99793103448276,1.1
2534,7djy_A,YS,Fw,89.84102272727273,1.2
2535,7djy_A,ESM,Fw,92.61363636363636,0.4
2536,7djy_A,IF,Fw,0.3523863636363636,0.5
2537,7djy_A,AF2,Fw,95.86670454545455,0.5
2538,7djy_A,OF,Fw,97.15261363636364,0.5
2539,7djy_A,OFr4,Fw,97.05897727272728,0.5
2542,7vfb_B,YS,Fw,84.97402298850575,1.9
2543,7vfb_B,ESM,Fw,91.89655172413794,0.5
2544,7vfb_B,IF,Fw,0.382183908045977,0.5
2545,7vfb_B,AF2,Fw,95.88724137931032,0.4
2546,7vfb_B,OF,Fw,92.42758620689654,0.4
2547,7vfb_B,OFr4,Fw,91.38298850574712,0.4
2550,7r4r_D,YS,Fw,86.30886363636363,1.1
2551,7r4r_D,ESM,Fw,93.45454545454545,0.7
2552,7r4r_D,IF,Fw,0.4336363636363636,0.6
2553,7r4r_D,AF2,Fw,96.46761363636364,0.6
2554,7r4r_D,OF,Fw,95.68284090909091,0.6
2555,7r4r_D,OFr4,Fw,95.3121590909091,0.7
2558,7r4q_D,YS,Fw,89.9034090909091,1.1
2559,7r4q_D,ESM,Fw,92.45454545454545,0.6
2560,7r4q_D,IF,Fw,0.37352272727272723,0.7
2561,7r4q_D,AF2,Fw,95.52363636363636,0.6
2562,7r4q_D,OF,Fw,96.625,0.6
2563,7r4q_D,OFr4,Fw,96.10295454545457,0.7
